Name,Color,T1,T2,Generation,Mega,Legend,Id
Abomasnow,White,Grass,Ice,4,0,0,1
Abra,Brown,Psychic,NA,1,0,0,2
Absol,White,Dark,NA,3,0,0,3
Accelgor,Red,Bug,NA,5,0,0,4
Aegislash,Brown,Steel,Ghost,6,0,0,5
Aegislash,Brown,Steel,Ghost,6,0,0,6
Aerodactyl,Purple,Rock,Flying,1,0,0,7
Aggron,Grey,Steel,Rock,3,0,0,8
Aipom,Purple,Normal,NA,2,0,0,9
Alakazam,Brown,Psychic,NA,1,0,0,10
Alcremie,Pink,Fairy,NA,8,0,0,11
Alomomola,Pink,Water,NA,5,0,0,12
Altaria,Blue,Dragon,Flying,3,0,0,13
Amaura,Blue,Rock,Ice,6,0,0,14
Ambipom,Purple,Normal,NA,4,0,0,15
Amoonguss,White,Grass,Poison,5,0,0,16
Ampharos,Yellow,Electric,NA,2,0,0,17
Anorith,Grey,Rock,Bug,3,0,0,18
Appletun,Green,Grass,Dragon,8,0,0,19
Applin,Green,Grass,Dragon,8,0,0,20
Araquanid,Green,Water,Bug,7,0,0,21
Arbok,Purple,Poison,NA,1,0,0,22
Arcanine,Brown,Fire,NA,1,0,0,23
Arceus,White,Normal,NA,4,0,1,24
Archen,Yellow,Rock,Flying,5,0,0,25
Archeops,Yellow,Rock,Flying,5,0,0,26
Arctovish,Blue,Water,Ice,8,0,0,27
Arctozolt,Blue,Electric,Ice,8,0,0,28
Ariados,Red,Bug,Poison,2,0,0,29
Armaldo,Grey,Rock,Bug,3,0,0,30
Aromatisse,Pink,Fairy,NA,6,0,0,31
Aron,Grey,Steel,Rock,3,0,0,32
Arrokuda,Brown,Water,NA,8,0,0,33
Articuno,Blue,Ice,Flying,1,0,1,34
Audino,Pink,Normal,NA,5,0,0,35
Aurorus,Blue,Rock,Ice,6,0,0,36
Avalugg,Blue,Ice,NA,6,0,0,37
Axew,Green,Dragon,NA,5,0,0,38
Azelf,Blue,Psychic,NA,4,0,1,39
Azumarill,Blue,Water,Fairy,2,0,0,40
Azurill,Blue,Normal,Fairy,3,0,0,41
Bagon,Blue,Dragon,NA,3,0,0,42
Baltoy,Brown,Ground,Psychic,3,0,0,43
Banette,Black,Ghost,NA,3,0,0,44
Barbaracle,Brown,Rock,Water,6,0,0,45
Barboach,Grey,Water,Ground,3,0,0,46
Barraskewda,Brown,Water,NA,8,0,0,47
Basculin,Green,Water,NA,5,0,0,48
Basculin,Green,Water,NA,5,0,0,49
Bastiodon,Grey,Rock,Steel,4,0,0,50
Bayleef,Green,Grass,NA,2,0,0,51
Beartic,White,Ice,NA,5,0,0,52
Beautifly,Yellow,Bug,Flying,3,0,0,53
Beedrill,Yellow,Bug,Poison,1,0,0,54
Beheeyem,Brown,Psychic,NA,5,0,0,55
Beldum,Blue,Steel,Psychic,3,0,0,56
Bellossom,Green,Grass,NA,2,0,0,57
Bellsprout,Green,Grass,Poison,1,0,0,58
Bergmite,Blue,Ice,NA,6,0,0,59
Bewear,Pink,Normal,Fighting,7,0,0,60
Bibarel,Brown,Normal,Water,4,0,0,61
Bidoof,Brown,Normal,NA,4,0,0,62
Binacle,Brown,Rock,Water,6,0,0,63
Bisharp,Red,Dark,Steel,5,0,0,64
Blacephalon,White,Fire,Ghost,7,0,1,65
Blastoise,Blue,Water,NA,1,0,0,66
Blaziken,Red,Fire,Fighting,3,0,0,67
Blipbug,Blue,Bug,NA,8,0,0,68
Blissey,Pink,Normal,NA,2,0,0,69
Blitzle,Black,Electric,NA,5,0,0,70
Boldore,Blue,Rock,NA,5,0,0,71
Boltund,Yellow,Electric,NA,8,0,0,72
Bonsly,Brown,Rock,NA,4,0,0,73
Bouffalant,Brown,Normal,NA,5,0,0,74
Bounsweet,Purple,Grass,NA,7,0,0,75
Braixen,Red,Fire,NA,6,0,0,76
Braviary,Red,Normal,Flying,5,0,0,77
Breloom,Green,Grass,Fighting,3,0,0,78
Brionne,Blue,Water,NA,7,0,0,79
Bronzong,Green,Steel,Psychic,4,0,0,80
Bronzor,Green,Steel,Psychic,4,0,0,81
Bruxish,Pink,Water,Psychic,7,0,0,82
Budew,Green,Grass,Poison,4,0,0,83
Buizel,Brown,Water,NA,4,0,0,84
Bulbasaur,Green,Grass,Poison,1,0,0,85
Buneary,Brown,Normal,NA,4,0,0,86
Bunnelby,Brown,Normal,NA,6,0,0,87
Burmy,Brown,Bug,NA,4,0,0,88
Burmy,Green,Bug,NA,4,0,0,89
Burmy,Red,Bug,NA,4,0,0,90
Butterfree,White,Bug,Flying,1,0,0,91
Buzzwole,Red,Bug,Fighting,7,0,1,92
Cacnea,Green,Grass,NA,3,0,0,93
Cacturne,Green,Grass,Dark,3,0,0,94
Calyrex,Black,Psychic,Ghost,8,0,1,95
Calyrex,Green,Psychic,Grass,8,0,1,96
Calyrex,White,Psychic,Ice,8,0,1,97
Camerupt,Red,Fire,Ground,3,0,0,98
Carbink,Grey,Rock,Fairy,6,0,0,99
Carkol,Black,Rock,Fire,8,0,0,100
Carnivine,Green,Grass,NA,4,0,0,101
Carracosta,Blue,Water,Rock,5,0,0,102
Carvanha,Red,Water,Dark,3,0,0,103
Cascoon,Purple,Bug,NA,3,0,0,104
Castform,Blue,Water,NA,3,0,0,105
Castform,Grey,Normal,NA,3,0,0,106
Castform,Red,Fire,NA,3,0,0,107
Castform,White,Ice,NA,3,0,0,108
Caterpie,Green,Bug,NA,1,0,0,109
Celebi,Green,Psychic,Grass,2,0,1,110
Celesteela,Green,Steel,Flying,7,0,1,111
Centiskorch,Red,Fire,Bug,8,0,0,112
Chandelure,Black,Ghost,Fire,5,0,0,113
Chansey,Pink,Normal,NA,1,0,0,114
Charizard,Red,Fire,Flying,1,0,0,115
Charjabug,Green,Bug,Electric,7,0,0,116
Charmander,Red,Fire,NA,1,0,0,117
Charmeleon,Red,Fire,NA,1,0,0,118
Chatot,Black,Normal,Flying,4,0,0,119
Cherrim,Pink,Grass,NA,4,0,0,120
Cherrim,Purple,Grass,NA,4,0,0,121
Cherubi,Pink,Grass,NA,4,0,0,122
Chesnaught,Green,Grass,Fighting,6,0,0,123
Chespin,Green,Grass,NA,6,0,0,124
Chewtle,Green,Water,NA,8,0,0,125
Chikorita,Green,Grass,NA,2,0,0,126
Chimchar,Brown,Fire,NA,4,0,0,127
Chimecho,Blue,Psychic,NA,3,0,0,128
Chinchou,Blue,Water,Electric,2,0,0,129
Chingling,Yellow,Psychic,NA,4,0,0,130
Cinccino,Grey,Normal,NA,5,0,0,131
Cinderace,White,Fire,NA,8,0,0,132
Clamperl,Blue,Water,NA,3,0,0,133
Clauncher,Blue,Water,NA,6,0,0,134
Clawitzer,Blue,Water,NA,6,0,0,135
Claydol,Black,Ground,Psychic,3,0,0,136
Clefable,Pink,Fairy,NA,1,0,0,137
Clefairy,Pink,Fairy,NA,1,0,0,138
Cleffa,Pink,Fairy,NA,2,0,0,139
Clobbopus,Brown,Fighting,NA,8,0,0,140
Cloyster,Purple,Water,Ice,1,0,0,141
Coalossal,Black,Rock,Fire,8,0,0,142
Cobalion,Blue,Steel,Fighting,5,0,1,143
Cofagrigus,Yellow,Ghost,NA,5,0,0,144
Combee,Yellow,Bug,Flying,4,0,0,145
Combusken,Red,Fire,Fighting,3,0,0,146
Comfey,Green,Fairy,NA,7,0,0,147
Conkeldurr,Brown,Fighting,NA,5,0,0,148
Conviknight,Purple,Flying,Steel,8,0,0,149
Convisquire,Blue,Flying,NA,8,0,0,150
Copperajah,Green,Steel,NA,8,0,0,151
Corphish,Red,Water,NA,3,0,0,152
Corsola,Pink,Water,Rock,2,0,0,153
Corsola,White,Ghost,NA,8,0,0,154
Cosmoem,Blue,Psychic,NA,7,0,1,155
Cosmog,Blue,Psychic,NA,7,0,1,156
Cottonee,Green,Grass,Fairy,5,0,0,157
Crabominable,White,Fighting,Ice,7,0,0,158
Crabrawler,Purple,Fighting,NA,7,0,0,159
Cradily,Green,Rock,Grass,3,0,0,160
Cramorant,Blue,Flying,Water,8,0,0,161
Cranidos,Blue,Rock,NA,4,0,0,162
Crawdaunt,Red,Water,Dark,3,0,0,163
Cresselia,Yellow,Psychic,NA,4,0,1,164
Croagunk,Blue,Poison,Fighting,4,0,0,165
Crobat,Purple,Poison,Flying,2,0,0,166
Croconaw,Blue,Water,NA,2,0,0,167
Crustle,Red,Bug,Rock,5,0,0,168
Cryogonal,Blue,Ice,NA,5,0,0,169
Cubchoo,White,Ice,NA,5,0,0,170
Cubone,Brown,Ground,NA,1,0,0,171
Cufant,Yellow,Steel,NA,8,0,0,172
Cursola,White,Ghost,NA,8,0,0,173
Cutiefly,Yellow,Bug,Fairy,7,0,0,174
Cyndaquil,Yellow,Fire,NA,2,0,0,175
Darkrai,Black,Dark,NA,4,0,1,176
Darmanitan,Red,Fire,NA,5,0,0,177
Darmanitan,White,Fire,Psychic,5,0,0,178
Darmanitan,White,Ice,Fire,8,0,0,179
Darmanitan,White,Ice,NA,8,0,0,180
Dartrix,Brown,Grass,Flying,7,0,0,181
Darumaka,Red,Fire,NA,5,0,0,182
Darumaka,White,Ice,NA,8,0,0,183
Decidueye,Brown,Grass,Ghost,7,0,0,184
Dedenne,Yellow,Electric,Fairy,6,0,0,185
Deerling,Brown,Normal,Grass,5,0,0,186
Deerling,Green,Normal,Grass,5,0,0,187
Deerling,Pink,Normal,Grass,5,0,0,188
Deerling,Red,Normal,Grass,5,0,0,189
Deino,Blue,Dark,Dragon,5,0,0,190
Delcatty,Purple,Normal,NA,3,0,0,191
Delibird,Red,Ice,Flying,2,0,0,192
Delphox,Red,Fire,Psychic,6,0,0,193
Deoxys,Red,Psychic,NA,3,0,1,194
Deoxys,Red,Psychic,NA,3,0,1,195
Deoxys,Red,Psychic,NA,3,0,1,196
Deoxys,Red,Psychic,NA,3,0,1,197
Dewgong,White,Water,Ice,1,0,0,198
Dewott,Blue,Water,NA,5,0,0,199
Dewpider,Green,Water,Bug,7,0,0,200
Dhelmise,Green,Ghost,Grass,7,0,0,201
Dialga,White,Steel,Dragon,4,0,1,202
Diancie,Pink,Rock,Fairy,6,0,1,203
Diggersby,Brown,Normal,Ground,6,0,0,204
Diglett,Brown,Ground,Steel,7,0,0,205
Diglett,Brown,Ground,NA,1,0,0,206
Ditto,Purple,Normal,NA,1,0,0,207
Dodrio,Brown,Normal,Flying,1,0,0,208
Doduo,Brown,Normal,Flying,1,0,0,209
Donphan,Grey,Ground,NA,2,0,0,210
Dottler,Yellow,Bug,Psychic,8,0,0,211
Doublade,Brown,Steel,Ghost,6,0,0,212
Dracovish,Green,Water,Dragon,8,0,0,213
Dracozolt,Green,Electric,Dragon,8,0,0,214
Dragalge,Brown,Poison,Dragon,6,0,0,215
Dragapult,Green,Dragon,Ghost,8,0,0,216
Dragonair,Blue,Dragon,NA,1,0,0,217
Dragonite,Brown,Dragon,Flying,1,0,0,218
Drakloak,Green,Dragon,Ghost,8,0,0,219
Drampa,White,Normal,Dragon,7,0,0,220
Drapion,Purple,Poison,Dark,4,0,0,221
Dratini,Blue,Dragon,NA,1,0,0,222
Drednaw,Green,Water,Rock,8,0,0,223
Dreepy,Green,Dragon,Ghost,8,0,0,224
Drifblim,Purple,Ghost,Flying,4,0,0,225
Drifloon,Purple,Ghost,Flying,4,0,0,226
Drilbur,Grey,Ground,NA,5,0,0,227
Drizzile,Blue,Water,NA,8,0,0,228
Drowzee,Yellow,Psychic,NA,1,0,0,229
Druddigon,Red,Dragon,NA,5,0,0,230
Dubwool,White,Normal,NA,8,0,0,231
Ducklett,Blue,Water,Flying,5,0,0,232
Dugtrio,Brown,Ground,Steel,7,0,0,233
Dugtrio,Brown,Ground,NA,1,0,0,234
Dunsparce,Yellow,Normal,NA,2,0,0,235
Duosion,Green,Psychic,NA,5,0,0,236
Duraludon,White,Steel,Dragon,8,0,0,237
Durant,Grey,Bug,Steel,5,0,0,238
Dusclops,Black,Ghost,NA,3,0,0,239
Dusknoir,Black,Ghost,NA,4,0,0,240
Duskull,Black,Ghost,NA,3,0,0,241
Dustox,Green,Bug,Poison,3,0,0,242
Dwebble,Red,Bug,Rock,5,0,0,243
Eelektrik,Blue,Electric,NA,5,0,0,244
Eelektross,Blue,Electric,NA,5,0,0,245
Eevee,Brown,Normal,NA,1,0,0,246
Eiscue,Blue,Ice,NA,8,0,0,247
Eiscue,Blue,Ice,NA,8,0,0,248
Ekans,Purple,Poison,NA,1,0,0,249
Eldegoss,Green,Grass,NA,8,0,0,250
Electabuzz,Yellow,Electric,NA,1,0,0,251
Electivire,Yellow,Electric,NA,4,0,0,252
Electrike,Green,Electric,NA,3,0,0,253
Electrode,Red,Electric,NA,1,0,0,254
Elekid,Yellow,Electric,NA,2,0,0,255
Elgyem,Blue,Psychic,NA,5,0,0,256
Emboar,Red,Fire,Fighting,5,0,0,257
Emolga,White,Electric,Flying,5,0,0,258
Empoleon,Blue,Water,Steel,4,0,0,259
Entei,Brown,Fire,NA,2,0,1,260
Escavalier,Grey,Bug,Steel,5,0,0,261
Espeon,Purple,Psychic,NA,2,0,0,262
Espurr,Grey,Psychic,NA,6,0,0,263
Eternatus,Purple,Poison,Dragon,8,0,1,264
Excadrill,Grey,Ground,Steel,5,0,0,265
Exeggcute,Pink,Grass,Psychic,1,0,0,266
Exeggutor,Yellow,Grass,Dragon,7,0,0,267
Exeggutor,Yellow,Grass,Psychic,1,0,0,268
Exploud,Blue,Normal,NA,3,0,0,269
Falinks,Yellow,Fighting,NA,8,0,0,270
Farfetch'd,Brown,Fighting,NA,8,0,0,271
Farfetch'd,Brown,Normal,Flying,1,0,0,272
Fearow,Brown,Normal,Flying,1,0,0,273
Feebas,Brown,Water,NA,3,0,0,274
Fennekin,Red,Fire,NA,6,0,0,275
Feraligatr,Blue,Water,NA,2,0,0,276
Ferroseed,Grey,Grass,Steel,5,0,0,277
Ferrothorn,Grey,Grass,Steel,5,0,0,278
Finneon,Blue,Water,NA,4,0,0,279
Flaaffy,Pink,Electric,NA,2,0,0,280
Flabebe,White,Fairy,NA,6,0,0,281
Flapple,Green,Grass,Dragon,8,0,0,282
Flareon,Red,Fire,NA,1,0,0,283
Fletchinder,Red,Fire,Flying,6,0,0,284
Fletchling,Red,Normal,Flying,6,0,0,285
Floatzel,Brown,Water,NA,4,0,0,286
Floette,White,Fairy,NA,6,0,0,287
Florges,White,Fairy,NA,6,0,0,288
Flygon,Green,Ground,Dragon,3,0,0,289
Fomantis,Pink,Grass,NA,7,0,0,290
Foongus,White,Grass,Poison,5,0,0,291
Forretress,Purple,Bug,Steel,2,0,0,292
Fraxure,Green,Dragon,NA,5,0,0,293
Frillish,White,Water,Ghost,5,0,0,294
Froakie,Blue,Water,NA,6,0,0,295
Frogadier,Blue,Water,NA,6,0,0,296
Froslass,White,Ice,Ghost,4,0,0,297
Frosmoth,White,Ice,Bug,8,0,0,298
Furfrou,White,Normal,NA,6,0,0,299
Furret,Brown,Normal,NA,2,0,0,300
Gabite,Blue,Dragon,Ground,4,0,0,301
Gallade,White,Psychic,Fighting,4,0,0,302
Galvantula,Yellow,Bug,Electric,5,0,0,303
Garbodor,Green,Poison,NA,5,0,0,304
Garchomp,Blue,Dragon,Ground,4,0,0,305
Gardevoir,White,Psychic,Fairy,3,0,0,306
Gastly,Purple,Ghost,Poison,1,0,0,307
Gastrodon,Blue,Water,Ground,4,0,0,308
Gastrodon,Purple,Water,Ground,4,0,0,309
Genesect,Purple,Bug,Steel,5,0,1,310
Gengar,Purple,Ghost,Poison,1,0,0,311
Geodude,Brown,Rock,Ground,1,0,0,312
Geodude,Grey,Rock,Electric,7,0,0,313
Gible,Blue,Dragon,Ground,4,0,0,314
Gigalith,Blue,Rock,NA,5,0,0,315
Girafarig,Yellow,Normal,Psychic,2,0,0,316
Giratina,Black,Ghost,Dragon,4,0,1,317
Giratina,Black,Ghost,Dragon,4,0,1,318
Glaceon,Blue,Ice,NA,4,0,0,319
Glalie,Grey,Ice,NA,3,0,0,320
Glameow,Grey,Normal,NA,4,0,0,321
Glastrier,White,Ice,NA,8,0,1,322
Gligar,Purple,Ground,Flying,2,0,0,323
Gliscor,Purple,Ground,Flying,4,0,0,324
Gloom,Blue,Grass,Poison,1,0,0,325
Gogoat,Brown,Grass,NA,6,0,0,326
Golbat,Purple,Poison,Flying,1,0,0,327
Goldeen,Red,Water,NA,1,0,0,328
Golduck,Blue,Water,NA,1,0,0,329
Golem,Brown,Rock,Ground,1,0,0,330
Golem,Grey,Rock,Electric,7,0,0,331
Golett,Green,Ground,Ghost,5,0,0,332
Golisopod,Grey,Bug,Water,7,0,0,333
Golurk,Green,Ground,Ghost,5,0,0,334
Goodra,Purple,Dragon,NA,6,0,0,335
Goomy,Purple,Dragon,NA,6,0,0,336
Gorebyss,Pink,Water,NA,3,0,0,337
Gossifleur,Green,Grass,NA,8,0,0,338
Gothita,Purple,Psychic,NA,5,0,0,339
Gothitelle,Purple,Psychic,NA,5,0,0,340
Gothorita,Purple,Psychic,NA,5,0,0,341
Gourgeist,Brown,Ghost,Grass,6,0,0,342
Gourgeist,Brown,Ghost,Grass,6,0,0,343
Gourgeist,Brown,Ghost,Grass,6,0,0,344
Gourgeist,Brown,Ghost,Grass,6,0,0,345
Granbull,Purple,Fairy,NA,2,0,0,346
Grapploct,Blue,Fighting,NA,8,0,0,347
Graveler,Brown,Rock,Ground,1,0,0,348
Graveler,Grey,Rock,Electric,7,0,0,349
Greedent,Brown,Normal,NA,8,0,0,350
Greninja,Blue,Water,Dark,6,0,0,351
Greninja,Blue,Water,Dark,7,0,1,352
Grimer,Green,Poison,Dark,7,0,0,353
Grimer,Purple,Poison,NA,1,0,0,354
Grimmsnarl,Purple,Dark,Fairy,8,0,0,355
Grookey,Green,Grass,NA,8,0,0,356
Grotle,Green,Grass,NA,4,0,0,357
Groudon,Red,Ground,NA,3,0,1,358
Grovyle,Green,Grass,NA,3,0,0,359
Growlithe,Brown,Fire,NA,1,0,0,360
Grubbin,Grey,Bug,NA,7,0,0,361
Grumpig,Purple,Psychic,NA,3,0,0,362
Gulpin,Green,Poison,NA,3,0,0,363
Gumshoos,Brown,Normal,NA,7,0,0,364
Gurdurr,Grey,Fighting,NA,5,0,0,365
Guzzlord,Black,Dark,Dragon,7,0,1,366
Gyarados,Blue,Water,Flying,1,0,0,367
Hakamo-o,Grey,Dragon,Fighting,7,0,0,368
Happiny,Pink,Normal,NA,4,0,0,369
Hariyama,Brown,Fighting,NA,3,0,0,370
Hatenna,Pink,Psychic,NA,8,0,0,371
Hatterene,Pink,Psychic,Fairy,8,0,0,372
Hattrem,Pink,Psychic,NA,8,0,0,373
Haunter,Purple,Ghost,Poison,1,0,0,374
Hawlucha,Green,Fighting,Flying,6,0,0,375
Haxorus,Yellow,Dragon,NA,5,0,0,376
Heatmor,Red,Fire,NA,5,0,0,377
Heatran,Brown,Fire,Steel,4,0,1,378
Heliolisk,Yellow,Electric,Normal,6,0,0,379
Helioptile,Yellow,Electric,Normal,6,0,0,380
Heracross,Blue,Bug,Fighting,2,0,0,381
Herdier,Grey,Normal,NA,5,0,0,382
Hippopotas,Brown,Ground,NA,4,0,0,383
Hippowdon,Brown,Ground,NA,4,0,0,384
Hitmonchan,Brown,Fighting,NA,1,0,0,385
Hitmonlee,Brown,Fighting,NA,1,0,0,386
Hitmontop,Brown,Fighting,NA,2,0,0,387
Ho-Oh,Red,Fire,Flying,2,0,1,388
Honchkrow,Black,Dark,Flying,4,0,0,389
Honedge,Brown,Steel,Ghost,6,0,0,390
Hoopa,Purple,Psychic,Dark,6,0,1,391
Hoopa,Purple,Psychic,Ghost,6,0,1,392
Hoothoot,Brown,Normal,Flying,2,0,0,393
Hoppip,Pink,Grass,Flying,2,0,0,394
Horsea,Blue,Water,NA,1,0,0,395
Houndoom,Black,Dark,Fire,2,0,0,396
Houndour,Black,Dark,Fire,2,0,0,397
Huntail,Blue,Water,NA,3,0,0,398
Hydreigon,Blue,Dark,Dragon,5,0,0,399
Hypno,Yellow,Psychic,NA,1,0,0,400
Igglybuff,Pink,Normal,Fairy,2,0,0,401
Illumise,Purple,Bug,NA,3,0,0,402
Impidimp,Pink,Dark,Fairy,8,0,0,403
Incineroar,Red,Fire,Dark,7,0,0,404
Indeedee F,Purple,Psychic,Normal,8,0,0,405
Indeedee M,Purple,Psychic,Normal,8,0,0,406
Infernape,Brown,Fire,Fighting,4,0,0,407
Inkay,Blue,Dark,Psychic,6,0,0,408
Inteleon,Blue,Water,NA,8,0,0,409
Ivysaur,Green,Grass,Poison,1,0,0,410
Jangmo-o,Grey,Dragon,NA,7,0,0,411
Jellicent,White,Water,Ghost,5,0,0,412
Jigglypuff,Pink,Normal,Fairy,1,0,0,413
Jirachi,Yellow,Steel,Psychic,3,0,1,414
Jolteon,Yellow,Electric,NA,1,0,0,415
Joltik,Yellow,Bug,Electric,5,0,0,416
Jumpluff,Blue,Grass,Flying,2,0,0,417
Jynx,Red,Ice,Psychic,1,0,0,418
Kabuto,Brown,Rock,Water,1,0,0,419
Kabutops,Brown,Rock,Water,1,0,0,420
Kadabra,Brown,Psychic,NA,1,0,0,421
Kakuna,Yellow,Bug,Poison,1,0,0,422
Kangaskhan,Brown,Normal,NA,1,0,0,423
Karrablast,Blue,Bug,NA,5,0,0,424
Kartana,White,Grass,Steel,7,0,1,425
Kecleon,Green,Normal,NA,3,0,0,426
Keldeo,Yellow,Water,Fighting,5,0,1,427
Keldeo,Yellow,Water,Fighting,5,0,1,428
Kingdra,Blue,Water,Dragon,2,0,0,429
Kingler,Red,Water,NA,1,0,0,430
Kirlia,White,Psychic,Fairy,3,0,0,431
Klang,Grey,Steel,NA,5,0,0,432
Klefki,Grey,Steel,Fairy,6,0,0,433
Klink,Grey,Steel,NA,5,0,0,434
Klinklang,Grey,Steel,NA,5,0,0,435
Koffing,Purple,Poison,NA,1,0,0,436
Komala,Blue,Normal,NA,7,0,0,437
Kommo-o,Grey,Dragon,Fighting,7,0,0,438
Krabby,Red,Water,NA,1,0,0,439
Kricketot,Red,Bug,NA,4,0,0,440
Kricketune,Red,Bug,NA,4,0,0,441
Krokorok,Brown,Ground,Dark,5,0,0,442
Krookodile,Red,Ground,Dark,5,0,0,443
Kubfu,Grey,Fighting,NA,8,0,1,444
Kyogre,Blue,Water,NA,3,0,1,445
Kyurem,Grey,Dragon,Ice,5,0,1,446
Kyurem,Grey,Dragon,Ice,5,0,1,447
Kyurem,Grey,Dragon,Ice,5,0,1,448
Lairon,Grey,Steel,Rock,3,0,0,449
Lampent,Black,Ghost,Fire,5,0,0,450
Landorus,Brown,Ground,Flying,5,0,1,451
Landorus,Brown,Ground,Flying,5,0,1,452
Lanturn,Blue,Water,Electric,2,0,0,453
Lapras,Blue,Water,Ice,1,0,0,454
Larvesta,White,Bug,Fire,5,0,0,455
Larvitar,Green,Rock,Ground,2,0,0,456
Latias,Red,Dragon,Psychic,3,0,1,457
Latios,Blue,Dragon,Psychic,3,0,1,458
Leafeon,Green,Grass,NA,4,0,0,459
Leavanny,Yellow,Bug,Grass,5,0,0,460
Ledian,Red,Bug,Flying,2,0,0,461
Ledyba,Red,Bug,Flying,2,0,0,462
Lickilicky,Pink,Normal,NA,4,0,0,463
Lickitung,Pink,Normal,NA,1,0,0,464
Liepard,Purple,Dark,NA,5,0,0,465
Lileep,Purple,Rock,Grass,3,0,0,466
Lilligant,Green,Grass,NA,5,0,0,467
Lillipup,Brown,Normal,NA,5,0,0,468
Linoone,White,Dark,Normal,8,0,0,469
Linoone,White,Normal,NA,3,0,0,470
Litleo,Brown,Fire,Normal,6,0,0,471
Litten,Red,Fire,NA,7,0,0,472
Litwick,White,Ghost,Fire,5,0,0,473
Lombre,Green,Water,Grass,3,0,0,474
Lopunny,Brown,Normal,NA,4,0,0,475
Lotad,Green,Water,Grass,3,0,0,476
Loudred,Blue,Normal,NA,3,0,0,477
Lucario,Blue,Fighting,Steel,4,0,0,478
Ludicolo,Green,Water,Grass,3,0,0,479
Lugia,White,Psychic,Flying,2,0,1,480
Lumineon,Blue,Water,NA,4,0,0,481
Lunala,Purple,Psychic,Ghost,7,0,1,482
Lunatone,Yellow,Rock,Psychic,3,0,0,483
Lurantis,Pink,Grass,NA,7,0,0,484
Luvdisc,Pink,Water,NA,3,0,0,485
Luxio,Blue,Electric,NA,4,0,0,486
Luxray,Blue,Electric,NA,4,0,0,487
Lycanroc,Brown,Rock,NA,7,0,0,488
Lycanroc,Brown,Rock,NA,7,0,0,489
Lycanroc,Red,Rock,NA,7,0,0,490
Machamp,Grey,Fighting,NA,1,0,0,491
Machoke,Grey,Fighting,NA,1,0,0,492
Machop,Grey,Fighting,NA,1,0,0,493
Magby,Red,Fire,NA,2,0,0,494
Magcargo,Red,Fire,Rock,2,0,0,495
Magearna,Grey,Steel,Fairy,7,0,1,496
Magikarp,Red,Water,NA,1,0,0,497
Magmar,Red,Fire,NA,1,0,0,498
Magmortar,Red,Fire,NA,4,0,0,499
Magnemite,Grey,Electric,Steel,1,0,0,500
Magneton,Grey,Electric,Steel,1,0,0,501
Magnezone,Grey,Electric,Steel,4,0,0,502
Makuhita,Yellow,Fighting,NA,3,0,0,503
Malamar,Blue,Dark,Psychic,6,0,0,504
Mamoswine,Brown,Ice,Ground,4,0,0,505
Manaphy,Blue,Water,NA,4,0,1,506
Mandibuzz,Brown,Dark,Flying,5,0,0,507
Manectric,Yellow,Electric,NA,3,0,0,508
Mankey,Brown,Fighting,NA,1,0,0,509
Mantine,Purple,Water,Flying,2,0,0,510
Mantyke,Blue,Water,Flying,4,0,0,511
Maractus,Green,Grass,NA,5,0,0,512
Mareanie,Blue,Poison,Water,7,0,0,513
Mareep,White,Electric,NA,2,0,0,514
Marill,Blue,Water,Fairy,2,0,0,515
Marowak,Brown,Ground,NA,1,0,0,516
Marowak,Purple,Fire,Ghost,7,0,0,517
Marshadow,Grey,Fighting,Ghost,7,0,1,518
Marshtomp,Blue,Water,Ground,3,0,0,519
Masquerain,Blue,Bug,Flying,3,0,0,520
Mawile,Black,Steel,Fairy,3,0,0,521
Medicham,Red,Fighting,Psychic,3,0,0,522
Meditite,Blue,Fighting,Psychic,3,0,0,523
Mega Abomasnow,White,Grass,Ice,4,1,0,524
Mega Absol,White,Dark,NA,3,1,0,525
Mega Aerodactyl,Purple,Rock,Flying,1,1,0,526
Mega Aggron,Grey,Steel,NA,3,1,0,527
Mega Alakazam,Brown,Psychic,NA,1,1,0,528
Mega Altaria,Blue,Dragon,Fairy,3,1,0,529
Mega Ampharos,Yellow,Electric,Dragon,2,1,0,530
Mega Audino,White,Normal,Fairy,5,1,0,531
Mega Banette,Black,Ghost,NA,3,1,0,532
Mega Beedrill,Yellow,Bug,Poison,1,1,0,533
Mega Blastoise,Blue,Water,NA,1,1,0,534
Mega Blaziken,Red,Fire,Fighting,3,1,0,535
Mega Camerupt,Red,Fire,Ground,3,1,0,536
Mega Charizard X,Black,Fire,Dragon,1,1,0,537
Mega Charizard Y,Red,Fire,Flying,1,1,0,538
Mega Diancie,Pink,Rock,Fairy,6,1,1,539
Mega Gallade,White,Psychic,Fighting,4,1,0,540
Mega Garchomp,Blue,Dragon,Ground,4,1,0,541
Mega Gardevoir,White,Psychic,Fairy,3,1,0,542
Mega Gengar,Purple,Ghost,Poison,1,1,0,543
Mega Glalie,Grey,Ice,NA,3,1,0,544
Mega Gyarados,Blue,Water,Dark,1,1,0,545
Mega Heracross,Blue,Bug,Fighting,2,1,0,546
Mega Houndoom,Black,Dark,Fire,2,1,0,547
Mega Kangaskhan,Brown,Normal,NA,1,1,0,548
Mega Latias,Purple,Dragon,Psychic,3,1,1,549
Mega Latios,Purple,Dragon,Psychic,3,1,1,550
Mega Lopunny,Brown,Normal,Fighting,4,1,0,551
Mega Lucario,Blue,Fighting,Steel,4,1,0,552
Mega Manectric,Yellow,Electric,NA,3,1,0,553
Mega Mawile,Black,Steel,Fairy,3,1,0,554
Mega Medicham,Red,Fighting,Psychic,3,1,0,555
Mega Metagross,Blue,Steel,Psychic,3,1,0,556
Mega Mewtwo X,Purple,Psychic,Fighting,1,1,1,557
Mega Mewtwo Y,Purple,Psychic,NA,1,1,1,558
Mega Pidgeot,Brown,Normal,Flying,1,1,0,559
Mega Pinsir,Brown,Bug,Flying,1,1,0,560
Mega Rayquaza,Green,Dragon,Flying,3,1,1,561
Mega Sableye,Purple,Dark,Ghost,3,1,0,562
Mega Salamence,Blue,Dragon,Flying,3,1,0,563
Mega Sceptile,Green,Grass,Dragon,3,1,0,564
Mega Scizor,Red,Bug,Steel,2,1,0,565
Mega Sharpedo,Blue,Water,Dark,3,1,0,566
Mega Slowbro,Pink,Water,Psychic,1,1,0,567
Mega Steelix,Grey,Steel,Ground,2,1,0,568
Mega Swampert,Blue,Water,Ground,3,1,0,569
Mega Tyranitar,Green,Rock,Dark,2,1,0,570
Mega Venusaur,Green,Grass,Poison,1,1,0,571
Meganium,Green,Grass,NA,2,0,0,572
Melmetal,Grey,Steel,NA,7,0,1,573
Meloetta,White,Normal,Fighting,5,0,1,574
Meloetta,White,Normal,Psychic,5,0,1,575
Meltan,Grey,Steel,NA,7,0,1,576
Meowstic F,White,Psychic,NA,6,0,0,577
Meowstic M,Blue,Psychic,NA,6,0,0,578
Meowth,Blue,Dark,NA,7,0,0,579
Meowth,Brown,Steel,NA,8,0,0,580
Meowth,Yellow,Normal,NA,1,0,0,581
Mesprit,Pink,Psychic,NA,4,0,1,582
Metagross,Blue,Steel,Psychic,3,0,0,583
Metang,Blue,Steel,Psychic,3,0,0,584
Metapod,Green,Bug,NA,1,0,0,585
Mew,Pink,Psychic,NA,1,0,1,586
Mewtwo,Purple,Psychic,NA,1,0,1,587
Mienfoo,Yellow,Fighting,NA,5,0,0,588
Mienshao,Purple,Fighting,NA,5,0,0,589
Mightyena,Grey,Dark,NA,3,0,0,590
Milcery,White,Fairy,NA,8,0,0,591
Milotic,Pink,Water,NA,3,0,0,592
Miltank,Pink,Normal,NA,2,0,0,593
Mime Jr.,Pink,Psychic,Fairy,4,0,0,594
Mimikyu,Yellow,Ghost,Fairy,7,0,0,595
Minccino,Grey,Normal,NA,5,0,0,596
Minior,Brown,Rock,Flying,7,0,0,597
Minior,Brown,Rock,Flying,7,0,0,598
Minun,Yellow,Electric,NA,3,0,0,599
Misdreavus,Grey,Ghost,NA,2,0,0,600
Mismagius,Purple,Ghost,NA,4,0,0,601
Moltres,Yellow,Fire,Flying,1,0,1,602
Monferno,Brown,Fire,Fighting,4,0,0,603
Morelull,Purple,Grass,Fairy,7,0,0,604
Morgrem,Pink,Dark,Fairy,8,0,0,605
Morpeko,Yellow,Electric,Dark,8,0,0,606
Mothim,Yellow,Bug,Flying,4,0,0,607
Mr. Mime,Pink,Psychic,Fairy,1,0,0,608
Mr. Mime,White,Psychic,Ice,8,0,0,609
Mr. Rime,Purple,Ice,Psychic,8,0,0,610
Mudbray,Brown,Ground,NA,7,0,0,611
Mudkip,Blue,Water,NA,3,0,0,612
Mudsdale,Brown,Ground,NA,7,0,0,613
Muk,Green,Poison,Dark,7,0,0,614
Muk,Purple,Poison,NA,1,0,0,615
Munchlax,Black,Normal,NA,4,0,0,616
Munna,Pink,Psychic,NA,5,0,0,617
Murkrow,Black,Dark,Flying,2,0,0,618
Musharna,Pink,Psychic,NA,5,0,0,619
Naganadel,Purple,Poison,Dragon,7,0,1,620
Natu,Green,Psychic,Flying,2,0,0,621
Necrozma,Black,Psychic,NA,7,0,1,622
Necrozma,Blue,Psychic,Ghost,7,0,1,623
Necrozma,Yellow,Psychic,Dragon,7,0,1,624
Necrozma,Yellow,Psychic,Steel,7,0,1,625
Nickit,Brown,Dark,NA,8,0,0,626
Nidoking,Purple,Poison,Ground,1,0,0,627
Nidoqueen,Blue,Poison,Ground,1,0,0,628
Nidoran F,Blue,Poison,NA,1,0,0,629
Nidoran M,Purple,Poison,NA,1,0,0,630
Nidorina,Blue,Poison,NA,1,0,0,631
Nidorino,Purple,Poison,NA,1,0,0,632
Nihilego,White,Rock,Poison,7,0,1,633
Nincada,Grey,Bug,Ground,3,0,0,634
Ninetales,Blue,Ice,Fairy,7,0,0,635
Ninetales,Yellow,Fire,NA,1,0,0,636
Ninjask,Yellow,Bug,Flying,3,0,0,637
Noctowl,Brown,Normal,Flying,2,0,0,638
Noibat,Purple,Flying,Dragon,6,0,0,639
Noivern,Purple,Flying,Dragon,6,0,0,640
Nosepass,Grey,Rock,NA,3,0,0,641
Numel,Yellow,Fire,Ground,3,0,0,642
Nuzleaf,Brown,Grass,Dark,3,0,0,643
Obstagoon,Grey,Dark,Normal,8,0,0,644
Octillery,Red,Water,NA,2,0,0,645
Oddish,Blue,Grass,Poison,1,0,0,646
Omanyte,Blue,Rock,Water,1,0,0,647
Omastar,Blue,Rock,Water,1,0,0,648
Onix,Grey,Rock,Ground,1,0,0,649
Oranguru,White,Normal,Psychic,7,0,0,650
Orbeetle,Red,Bug,Psychic,8,0,0,651
Oricorio,Pink,Psychic,Flying,7,0,0,652
Oricorio,Purple,Ghost,Flying,7,0,0,653
Oricorio,Red,Fire,Flying,7,0,0,654
Oricorio,Yellow,Electric,Flying,7,0,0,655
Oshawott,Blue,Water,NA,5,0,0,656
Pachirisu,White,Electric,NA,4,0,0,657
Palkia,Purple,Water,Dragon,4,0,1,658
Palossand,Brown,Ghost,Ground,7,0,0,659
Palpitoad,Blue,Water,Ground,5,0,0,660
Pancham,White,Fighting,NA,6,0,0,661
Pangoro,White,Fighting,Dark,6,0,0,662
Panpour,Blue,Water,NA,5,0,0,663
Pansage,Green,Grass,NA,5,0,0,664
Pansear,Red,Fire,NA,5,0,0,665
Paras,Red,Bug,Grass,1,0,0,666
Parasect,Red,Bug,Grass,1,0,0,667
Passimian,White,Fighting,NA,7,0,0,668
Patrat,Brown,Normal,NA,5,0,0,669
Pawniard,Red,Dark,Steel,5,0,0,670
Pelipper,Yellow,Water,Flying,3,0,0,671
Perrserker,Brown,Steel,NA,8,0,0,672
Persian,Blue,Dark,NA,7,0,0,673
Persian,Yellow,Normal,NA,1,0,0,674
Petilil,Green,Grass,NA,5,0,0,675
Phanpy,Blue,Ground,NA,2,0,0,676
Phantump,Brown,Ghost,Grass,6,0,0,677
Pheromosa,White,Bug,Fighting,7,0,1,678
Phione,Blue,Water,NA,4,0,1,679
Pichu,Yellow,Electric,NA,2,0,0,680
Pidgeot,Brown,Normal,Flying,1,0,0,681
Pidgeotto,Brown,Normal,Flying,1,0,0,682
Pidgey,Brown,Normal,Flying,1,0,0,683
Pidove,Grey,Normal,Flying,5,0,0,684
Pignite,Red,Fire,Fighting,5,0,0,685
Pikachu,Yellow,Electric,NA,1,0,0,686
Pikipek,Black,Normal,Flying,7,0,0,687
Piloswine,Brown,Ice,Ground,2,0,0,688
Pincurchin,Purple,Electric,NA,8,0,0,689
Pineco,Grey,Bug,NA,2,0,0,690
Pinsir,Brown,Bug,NA,1,0,0,691
Piplup,Blue,Water,NA,4,0,0,692
Plusle,Yellow,Electric,NA,3,0,0,693
Poipole,Purple,Poison,NA,7,0,1,694
Politoed,Green,Water,NA,2,0,0,695
Poliwag,Blue,Water,NA,1,0,0,696
Poliwhirl,Blue,Water,NA,1,0,0,697
Poliwrath,Blue,Water,Fighting,1,0,0,698
Polteageist,Purple,Ghost,NA,8,0,0,699
Ponyta,White,Psychic,NA,8,0,0,700
Ponyta,Yellow,Fire,NA,1,0,0,701
Poochyena,Grey,Dark,NA,3,0,0,702
Popplio,Blue,Water,NA,7,0,0,703
Porygon,Pink,Normal,NA,1,0,0,704
Porygon-Z,Red,Normal,NA,4,0,0,705
Porygon2,Red,Normal,NA,2,0,0,706
Primal Groudon,Red,Ground,Fire,3,1,1,707
Primal Kyogre,Blue,Water,NA,3,1,1,708
Primarina,Blue,Water,Fairy,7,0,0,709
Primeape,Brown,Fighting,NA,1,0,0,710
Prinplup,Blue,Water,NA,4,0,0,711
Probopass,Grey,Rock,Steel,4,0,0,712
Psyduck,Yellow,Water,NA,1,0,0,713
Pumpkaboo,Brown,Ghost,Grass,6,0,0,714
Pumpkaboo,Brown,Ghost,Grass,6,0,0,715
Pumpkaboo,Brown,Ghost,Grass,6,0,0,716
Pumpkaboo,Brown,Ghost,Grass,6,0,0,717
Pupitar,Grey,Rock,Ground,2,0,0,718
Purrloin,Purple,Dark,NA,5,0,0,719
Purugly,Grey,Normal,NA,4,0,0,720
Pyroar,Brown,Fire,Normal,6,0,0,721
Pyukumuku,Black,Water,NA,7,0,0,722
Quagsire,Blue,Water,Ground,2,0,0,723
Quilava,Yellow,Fire,NA,2,0,0,724
Quilladin,Green,Grass,NA,6,0,0,725
Qwilfish,Grey,Water,Poison,2,0,0,726
Raboot,Grey,Fire,NA,8,0,0,727
Raichu,Brown,Electric,Psychic,7,0,0,728
Raichu,Yellow,Electric,NA,1,0,0,729
Raikou,Yellow,Electric,NA,2,0,1,730
Ralts,White,Psychic,Fairy,3,0,0,731
Rampardos,Blue,Rock,NA,4,0,0,732
Rapidash,White,Psychic,Fairy,8,0,0,733
Rapidash,Yellow,Fire,NA,1,0,0,734
Raticate,Black,Dark,Normal,7,0,0,735
Raticate,Brown,Normal,NA,1,0,0,736
Rattata,Black,Dark,Normal,7,0,0,737
Rattata,Purple,Normal,NA,1,0,0,738
Rayquaza,Green,Dragon,Flying,3,0,1,739
Regice,Blue,Ice,NA,3,0,1,740
Regidrago,Green,Dragon,NA,8,0,1,741
Regieleki,Yellow,Electric,NA,8,0,1,742
Regigigas,White,Normal,NA,4,0,1,743
Regirock,Brown,Rock,NA,3,0,1,744
Registeel,Grey,Steel,NA,3,0,1,745
Relicanth,Grey,Water,Rock,3,0,0,746
Remoraid,Grey,Water,NA,2,0,0,747
Reshiram,White,Dragon,Fire,5,0,1,748
Reuniclus,Green,Psychic,NA,5,0,0,749
Rhydon,Grey,Ground,Rock,1,0,0,750
Rhyhorn,Grey,Ground,Rock,1,0,0,751
Rhyperior,Grey,Ground,Rock,4,0,0,752
Ribombee,Yellow,Bug,Fairy,7,0,0,753
Rillaboom,Green,Grass,NA,8,0,0,754
Riolu,Blue,Fighting,NA,4,0,0,755
Rockruff,Brown,Rock,NA,7,0,0,756
Rockruff,Brown,Rock,NA,7,0,0,757
Roggenrola,Blue,Rock,NA,5,0,0,758
Rolycoly,Black,Rock,NA,8,0,0,759
Rookidee,Blue,Flying,NA,8,0,0,760
Roselia,Green,Grass,Poison,3,0,0,761
Roserade,Green,Grass,Poison,4,0,0,762
Rotom,Red,Electric,Fire,4,0,0,763
Rotom,Red,Electric,Flying,4,0,0,764
Rotom,Red,Electric,Ghost,4,0,0,765
Rotom,Red,Electric,Grass,4,0,0,766
Rotom,Red,Electric,Ice,4,0,0,767
Rotom,Red,Electric,Water,4,0,0,768
Rowlet,Brown,Grass,Flying,7,0,0,769
Rufflet,White,Normal,Flying,5,0,0,770
Runerigus,Grey,Ground,Ghost,8,0,0,771
Sableye,Purple,Dark,Ghost,3,0,0,772
Salamence,Blue,Dragon,Flying,3,0,0,773
Salandit,Black,Poison,Fire,7,0,0,774
Salazzle,Black,Poison,Fire,7,0,0,775
Samurott,Blue,Water,NA,5,0,0,776
Sandaconda,Green,Ground,NA,8,0,0,777
Sandile,Brown,Ground,Dark,5,0,0,778
Sandshrew,White,Ice,Steel,7,0,0,779
Sandshrew,Yellow,Ground,NA,1,0,0,780
Sandslash,Blue,Ice,Steel,7,0,0,781
Sandslash,Yellow,Ground,NA,1,0,0,782
Sandygast,Brown,Ghost,Ground,7,0,0,783
Sawk,Blue,Fighting,NA,5,0,0,784
Sawsbuck,Brown,Normal,Grass,5,0,0,785
Sawsbuck,Brown,Normal,Grass,5,0,0,786
Sawsbuck,Brown,Normal,Grass,5,0,0,787
Sawsbuck,Brown,Normal,Grass,5,0,0,788
Scatterbug,Black,Bug,NA,6,0,0,789
Sceptile,Green,Grass,NA,3,0,0,790
Scizor,Red,Bug,Steel,2,0,0,791
Scolipede,Red,Bug,Poison,5,0,0,792
Scorbunny,White,Fire,NA,8,0,0,793
Scrafty,Red,Dark,Fighting,5,0,0,794
Scraggy,Yellow,Dark,Fighting,5,0,0,795
Scyther,Green,Bug,Flying,1,0,0,796
Seadra,Blue,Water,NA,1,0,0,797
Seaking,Red,Water,NA,1,0,0,798
Sealeo,Blue,Ice,Water,3,0,0,799
Seedot,Brown,Grass,NA,3,0,0,800
Seel,White,Water,NA,1,0,0,801
Seismitoad,Blue,Water,Ground,5,0,0,802
Sentret,Brown,Normal,NA,2,0,0,803
Serperior,Green,Grass,NA,5,0,0,804
Servine,Green,Grass,NA,5,0,0,805
Seviper,Black,Poison,NA,3,0,0,806
Sewaddle,Yellow,Bug,Grass,5,0,0,807
Sharpedo,Blue,Water,Dark,3,0,0,808
Shaymin,Green,Grass,Flying,4,0,1,809
Shaymin,Green,Grass,NA,4,0,1,810
Shedinja,Brown,Bug,Ghost,3,0,0,811
Shelgon,White,Dragon,NA,3,0,0,812
Shellder,Purple,Water,NA,1,0,0,813
Shellos,Blue,Water,NA,4,0,0,814
Shellos,Purple,Water,NA,4,0,0,815
Shelmet,Red,Bug,NA,5,0,0,816
Shieldon,Grey,Rock,Steel,4,0,0,817
Shiftry,Brown,Grass,Dark,3,0,0,818
Shiinotic,Purple,Grass,Fairy,7,0,0,819
Shinx,Blue,Electric,NA,4,0,0,820
Shroomish,Brown,Grass,NA,3,0,0,821
Shuckle,Yellow,Bug,Rock,2,0,0,822
Shuppet,Black,Ghost,NA,3,0,0,823
Sigilyph,Black,Psychic,Flying,5,0,0,824
Silcoon,White,Bug,NA,3,0,0,825
Silicobra,Green,Ground,NA,8,0,0,826
Silvally,Grey,Normal,NA,7,0,1,827
Simipour,Blue,Water,NA,5,0,0,828
Simisage,Green,Grass,NA,5,0,0,829
Simisear,Red,Fire,NA,5,0,0,830
Sinistea,Purple,Ghost,NA,8,0,0,831
Sirfetch'd,White,Fighting,NA,8,0,0,832
Sizzlipede,Red,Fire,Bug,8,0,0,833
Skarmory,Grey,Steel,Flying,2,0,0,834
Skiddo,Brown,Grass,NA,6,0,0,835
Skiploom,Green,Grass,Flying,2,0,0,836
Skitty,Pink,Normal,NA,3,0,0,837
Skorupi,Purple,Poison,Bug,4,0,0,838
Skrelp,Brown,Poison,Water,6,0,0,839
Skuntank,Purple,Poison,Dark,4,0,0,840
Skwovet,Brown,Normal,NA,8,0,0,841
Slaking,Brown,Normal,NA,3,0,0,842
Slakoth,Brown,Normal,NA,3,0,0,843
Sliggoo,Purple,Dragon,NA,6,0,0,844
Slowbro,Pink,Poison,Psychic,8,0,0,845
Slowbro,Pink,Water,Psychic,1,0,0,846
Slowking,Pink,Water,Psychic,2,0,0,847
Slowpoke,Pink,Psychic,NA,8,0,0,848
Slowpoke,Pink,Water,Psychic,1,0,0,849
Slugma,Red,Fire,NA,2,0,0,850
Slurpuff,White,Fairy,NA,6,0,0,851
Smeargle,White,Normal,NA,2,0,0,852
Smoochum,Pink,Ice,Psychic,2,0,0,853
Sneasel,Black,Dark,Ice,2,0,0,854
Snivy,Green,Grass,NA,5,0,0,855
Snom,White,Ice,Bug,8,0,0,856
Snorlax,Black,Normal,NA,1,0,0,857
Snorunt,Grey,Ice,NA,3,0,0,858
Snover,White,Grass,Ice,4,0,0,859
Snubbull,Pink,Fairy,NA,2,0,0,860
Sobble,Blue,Water,NA,8,0,0,861
Solgaleo,White,Psychic,Steel,7,0,1,862
Solosis,Green,Psychic,NA,5,0,0,863
Solrock,Red,Rock,Psychic,3,0,0,864
Spearow,Brown,Normal,Flying,1,0,0,865
Spectrier,Black,Ghost,NA,8,0,1,866
Spewpa,Black,Bug,NA,6,0,0,867
Spheal,Blue,Ice,Water,3,0,0,868
Spinarak,Green,Bug,Poison,2,0,0,869
Spinda,Brown,Normal,NA,3,0,0,870
Spiritomb,Purple,Ghost,Dark,4,0,0,871
Spoink,Black,Psychic,NA,3,0,0,872
Spritzee,Pink,Fairy,NA,6,0,0,873
Squirtle,Blue,Water,NA,1,0,0,874
Stakataka,Grey,Rock,Steel,7,0,1,875
Stantler,Brown,Normal,NA,2,0,0,876
Staraptor,Brown,Normal,Flying,4,0,0,877
Staravia,Brown,Normal,Flying,4,0,0,878
Starly,Brown,Normal,Flying,4,0,0,879
Starmie,Purple,Water,Psychic,1,0,0,880
Staryu,Brown,Water,NA,1,0,0,881
Steelix,Grey,Steel,Ground,2,0,0,882
Steenee,Purple,Grass,NA,7,0,0,883
Stonjourner,Grey,Rock,NA,8,0,0,884
Stoutland,Grey,Normal,NA,5,0,0,885
Stufful,Pink,Normal,Fighting,7,0,0,886
Stunfisk,Brown,Electric,Ground,5,0,0,887
Stunfisk,Green,Ground,Steel,8,0,0,888
Stunky,Purple,Poison,Dark,4,0,0,889
Sudowoodo,Brown,Rock,NA,2,0,0,890
Suicune,Blue,Water,NA,2,0,1,891
Sunflora,Yellow,Grass,NA,2,0,0,892
Sunkern,Yellow,Grass,NA,2,0,0,893
Surskit,Blue,Bug,Water,3,0,0,894
Swablu,Blue,Normal,Flying,3,0,0,895
Swadloon,Green,Bug,Grass,5,0,0,896
Swalot,Purple,Poison,NA,3,0,0,897
Swampert,Blue,Water,Ground,3,0,0,898
Swanna,White,Water,Flying,5,0,0,899
Swellow,Blue,Normal,Flying,3,0,0,900
Swinub,Brown,Ice,Ground,2,0,0,901
Swirlix,White,Fairy,NA,6,0,0,902
Swoobat,Blue,Psychic,Flying,5,0,0,903
Sylveon,Pink,Fairy,NA,6,0,0,904
Taillow,Blue,Normal,Flying,3,0,0,905
Talonflame,Red,Fire,Flying,6,0,0,906
Tangela,Blue,Grass,NA,1,0,0,907
Tangrowth,Blue,Grass,NA,4,0,0,908
Tapu Bulu,Red,Grass,Fairy,7,0,1,909
Tapu Fini,Purple,Water,Fairy,7,0,1,910
Tapu Koko,Yellow,Electric,Fairy,7,0,1,911
Tapu Lele,Pink,Psychic,Fairy,7,0,1,912
Tauros,Brown,Normal,NA,1,0,0,913
Teddiursa,Brown,Normal,NA,2,0,0,914
Tentacool,Blue,Water,Poison,1,0,0,915
Tentacruel,Blue,Water,Poison,1,0,0,916
Tepig,Red,Fire,NA,5,0,0,917
Terrakion,Grey,Rock,Fighting,5,0,1,918
Thievul,Brown,Dark,NA,8,0,0,919
Throh,Red,Fighting,NA,5,0,0,920
Thundurus,Blue,Electric,Flying,5,0,1,921
Thundurus,Blue,Electric,Flying,5,0,1,922
Thwackey,Green,Grass,NA,8,0,0,923
Timburr,Grey,Fighting,NA,5,0,0,924
Tirtouga,Blue,Water,Rock,5,0,0,925
Togedemaru,Grey,Electric,Steel,7,0,0,926
Togekiss,White,Fairy,Flying,4,0,0,927
Togepi,White,Fairy,NA,2,0,0,928
Togetic,White,Fairy,Flying,2,0,0,929
Torchic,Red,Fire,NA,3,0,0,930
Torkoal,Brown,Fire,NA,3,0,0,931
Tornadus,Green,Flying,NA,5,0,1,932
Tornadus,Green,Flying,NA,5,0,1,933
Torracat,Red,Fire,NA,7,0,0,934
Torterra,Green,Grass,Ground,4,0,0,935
Totodile,Blue,Water,NA,2,0,0,936
Toucannon,Black,Normal,Flying,7,0,0,937
Toxapex,Blue,Poison,Water,7,0,0,938
Toxel,Purple,Electric,Poison,8,0,0,939
Toxicroak,Blue,Poison,Fighting,4,0,0,940
Toxtricity,Purple,Electric,Poison,8,0,0,941
Toxtricity,Purple,Electric,Poison,8,0,0,942
Tranquill,Grey,Normal,Flying,5,0,0,943
Trapinch,Brown,Ground,NA,3,0,0,944
Treecko,Green,Grass,NA,3,0,0,945
Trevenant,Brown,Ghost,Grass,6,0,0,946
Tropius,Green,Grass,Flying,3,0,0,947
Trubbish,Green,Poison,NA,5,0,0,948
Trumbeak,Black,Normal,Flying,7,0,0,949
Tsareena,Purple,Grass,NA,7,0,0,950
Turtonator,Red,Fire,Dragon,7,0,0,951
Turtwig,Green,Grass,NA,4,0,0,952
Tympole,Blue,Water,NA,5,0,0,953
Tynamo,White,Electric,NA,5,0,0,954
Type: Null,Grey,Normal,NA,7,0,1,955
Typhlosion,Yellow,Fire,NA,2,0,0,956
Tyranitar,Green,Rock,Dark,2,0,0,957
Tyrantrum,Red,Rock,Dragon,6,0,0,958
Tyrogue,Purple,Fighting,NA,2,0,0,959
Tyrunt,Brown,Rock,Dragon,6,0,0,960
Umbreon,Black,Dark,NA,2,0,0,961
Unfezant,Grey,Normal,Flying,5,0,0,962
Unown,Black,Psychic,NA,2,0,0,963
Ursaring,Brown,Normal,NA,2,0,0,964
Urshifu,Grey,Fighting,Dark,8,0,1,965
Urshifu,Grey,Fighting,Water,8,0,1,966
Uxie,Yellow,Psychic,NA,4,0,1,967
Vanillish,White,Ice,NA,5,0,0,968
Vanillite,White,Ice,NA,5,0,0,969
Vanilluxe,White,Ice,NA,5,0,0,970
Vaporeon,Blue,Water,NA,1,0,0,971
Venipede,Red,Bug,Poison,5,0,0,972
Venomoth,Purple,Bug,Poison,1,0,0,973
Venonat,Purple,Bug,Poison,1,0,0,974
Venusaur,Green,Grass,Poison,1,0,0,975
Vespiquen,Yellow,Bug,Flying,4,0,0,976
Vibrava,Green,Ground,Dragon,3,0,0,977
Victini,Yellow,Psychic,Fire,5,0,1,978
Victreebel,Green,Grass,Poison,1,0,0,979
Vigoroth,White,Normal,NA,3,0,0,980
Vikavolt,Blue,Bug,Electric,7,0,0,981
Vileplume,Red,Grass,Poison,1,0,0,982
Virizion,Green,Grass,Fighting,5,0,1,983
Vivillon,White,Bug,Flying,6,0,0,984
Volbeat,Grey,Bug,NA,3,0,0,985
Volcanion,Brown,Fire,Water,6,0,1,986
Volcarona,White,Bug,Fire,5,0,0,987
Voltorb,Red,Electric,NA,1,0,0,988
Vullaby,Brown,Dark,Flying,5,0,0,989
Vulpix,Brown,Fire,NA,1,0,0,990
Vulpix,White,Ice,NA,7,0,0,991
Wailmer,Blue,Water,NA,3,0,0,992
Wailord,Blue,Water,NA,3,0,0,993
Walrein,Blue,Ice,Water,3,0,0,994
Wartortle,Blue,Water,NA,1,0,0,995
Watchog,Brown,Normal,NA,5,0,0,996
Weavile,Black,Dark,Ice,4,0,0,997
Weedle,Brown,Bug,Poison,1,0,0,998
Weepinbell,Green,Grass,Poison,1,0,0,999
Weezing,Grey,Poison,Fairy,8,0,0,1000
Weezing,Purple,Poison,NA,1,0,0,1001
Whimsicott,Green,Grass,Fairy,5,0,0,1002
Whirlipede,Grey,Bug,Poison,5,0,0,1003
Whiscash,Blue,Water,Ground,3,0,0,1004
Whismur,Pink,Normal,NA,3,0,0,1005
Wigglytuff,Pink,Normal,Fairy,1,0,0,1006
Wimpod,Grey,Bug,Water,7,0,0,1007
Wingull,White,Water,Flying,3,0,0,1008
Wishiwashi,Blue,Water,NA,7,0,0,1009
Wishiwashi,Blue,Water,NA,7,0,0,1010
Wobbuffet,Blue,Psychic,NA,2,0,0,1011
Woobat,Blue,Psychic,Flying,5,0,0,1012
Wooloo,White,Normal,NA,8,0,0,1013
Wooper,Blue,Water,Ground,2,0,0,1014
Wormadam,Brown,Bug,Ground,4,0,0,1015
Wormadam,Green,Bug,Grass,4,0,0,1016
Wormadam,Red,Bug,Steel,4,0,0,1017
Wurmple,Red,Bug,NA,3,0,0,1018
Wynaut,Blue,Psychic,NA,3,0,0,1019
Xatu,Green,Psychic,Flying,2,0,0,1020
Xerneas,Blue,Fairy,NA,6,0,1,1021
Xurkitree,Black,Electric,NA,7,0,1,1022
Yamask,Black,Ghost,Ground,8,0,0,1023
Yamask,Black,Ghost,NA,5,0,0,1024
Yamper,Yellow,Electric,NA,8,0,0,1025
Yanma,Red,Bug,Flying,2,0,0,1026
Yanmega,Green,Bug,Flying,4,0,0,1027
Yungoos,Brown,Normal,NA,7,0,0,1028
Yveltal,Red,Dark,Flying,6,0,1,1029
Zacian,Blue,Fairy,Steel,8,0,1,1030
Zacian,Blue,Fairy,NA,8,0,1,1031
Zamazanta,Red,Fighting,Steel,8,0,1,1032
Zamazanta,Red,Fighting,NA,8,0,1,1033
Zangoose,White,Normal,NA,3,0,0,1034
Zapdos,Yellow,Electric,Flying,1,0,1,1035
Zarude,Green,Dark,Grass,8,0,1,1036
Zebstrika,Black,Electric,NA,5,0,0,1037
Zekrom,Black,Dragon,Electric,5,0,1,1038
Zeraora,Yellow,Electric,NA,7,0,1,1039
Zigzagoon,Brown,Normal,NA,3,0,0,1040
Zigzagoon,White,Dark,Normal,8,0,0,1041
Zoroark,Grey,Dark,NA,5,0,0,1042
Zorua,Grey,Dark,NA,5,0,0,1043
Zubat,Purple,Poison,Flying,1,0,0,1044
Zweilous,Blue,Dark,Dragon,5,0,0,1045
Zygarde,Black,Dragon,Ground,6,0,1,1046
Zygarde,Black,Dragon,Ground,6,0,1,1047
Zygarde,Green,Dragon,Ground,6,0,1,1048