Modelo,Color,Año Modelo,Modalidad de Venta,Moneda,Precio Real,PRECIO DE VENTA,Tipo Cambio (a soles),Tipo Cliente,Genero,Estado Civil,Kilometraje (x10 mil km),Siniestros
HILUX,BLANCO,2022,Venta Directa,US $,43870,35096,4,JUR,Masculino,Soltero,10,4
HILUX,GRIS OSCURO METALICO,2022,Crédito Vehicular MAF,US $,39800,31840,4,NAT,Masculino,Soltero,7,2
RUSH,PLATA METALICO,2021,Venta Directa,US $,21690,17352,4,NAT,Masculino,Soltero,6,3
ETIOS,BLANCO,2020,Venta Directa,US $,10690,8552,4,JUR,Femenino,Soltero,12,5
RUSH,ROJO MICA METALICO,2020,Venta Directa,US $,22500,18000,4,NAT,Femenino,Soltero,6,3
ETIOS,BLANCO,2020,Venta Directa,US $,11090,8872,4,NAT,Masculino,Soltero,0,0
HILUX,GRIS OSCURO METALICO,2024,Crédito Vehicular MAF,US $,47160,37728,4,NAT,Femenino,Soltero,2,1
AVANZA,GRIS OSCURO METALICO,2024,Crédito Vehicular MAF,US $,17270,13816,4,NAT,Femenino,Soltero,5,3
YARIS CROSS,BLANCO,2024,Venta Directa,US $,23320,18656,4,NAT,Masculino,Soltero,6,3
RUSH,PLATA METALICO,2022,Crédito Vehicular MAF,US $,21440,17152,4,NAT,Femenino,Soltero,10,5
AVANZA,PLATA METALICO,2023,Venta Directa,US $,17570,14056,4,NAT,Femenino,Soltero,12,6
HILUX,GRIS OSCURO METALICO,2023,Crédito Vehicular MAF,US $,47290,37832,4,JUR,Masculino,Soltero,11,4
RUSH,ROJO MICA METALICO,2023,Crédito Vehicular MAF,US $,22540,18032,4,NAT,Masculino,Soltero,7,2
HILUX,BLANCO,2022,Crédito Vehicular MAF,US $,48450,38760,4,JUR,Masculino,Soltero,6,4
HILUX,BLANCO,2022,Venta Directa,US $,43850,35080,4,JUR,Masculino,Soltero,12,3
FORTUNER,PLATA METALICO,2020,Venta Directa,US $,49490,39592,4,JUR,Masculino,Soltero,6,1
ETIOS,BLANCO,2020,Venta Directa,US $,11590,9272,4,NAT,Masculino,Soltero,0,0
RUSH,ROJO OSCURO MICA,2020,Venta Directa,US $,20200,16160,4,NAT,Femenino,Soltero,4,4
AVANZA,GRIS OSCURO METALICO,2020,Venta Directa,US $,17000,13600,4,NAT,Masculino,Casado,5,2
RAIZE,ROJO,2023,Venta Directa,US $,15890,12712,4,NAT,Masculino,Soltero,6,3
AVANZA,BLANCO,2022,Venta Directa,US $,18620,14896,4,NAT,Masculino,Casado,10,5
RAIZE,BLANCO,2023,Venta Directa,S/.,58370,46696,4,NAT,Masculino,Soltero,12,3
HILUX,ROJO METALICO,2022,Leasing,US $,43850,35080,4,JUR,Masculino,,10,
HILUX,PLATA METALICO,2022,Venta Directa,US $,43850,35080,4,NAT,Masculino,Soltero,7,1
RUSH,PLATA METALICO,2022,Venta Directa,US $,22290,17832,4,NAT,Femenino,Soltero,6,3
HILUX,BLANCO,2021,Crédito Vehicular MAF,US $,39450,31560,4,JUR,Femenino,Soltero,12,3
COROLLA,BLANCO,2016,Venta Directa,US $,13500,10800,4,NAT,Masculino,Soltero,6,5
RUSH,ROJO OSCURO MICA,2020,Venta Directa,US $,20100,16080,4,JUR,Masculino,Soltero,0,0
HILUX,NEGRO MICA,2019,Venta Directa,US $,35150,28120,4,NAT,Masculino,Casado,2,4
FORTUNER,PLATA METALICO,2023,Venta Directa,US $,56940,45552,4,JUR,Femenino,Soltero,5,2
COROLLA,PLATA METALICO,2023,Venta Directa,US $,24020,19216,4,JUR,Femenino,Casado,6,4
AVANZA,GRIS METALICO,2014,Venta Directa,US $,13000,10400,4,NAT,Masculino,Casado,10,3
HILUX,NEGRO MICA,2023,Venta Directa,US $,28950,23160,4,JUR,Masculino,Soltero,12,1
RAV4,GRIS OSCURO METALICO,2021,Venta Directa,S/.,135730,108584,4,NAT,Masculino,Casado,11,0
RUSH,BLANCO,2022,Venta Directa,US $,23240,18592,4,NAT,Masculino,Casado,7,4
RUSH,ROJO MICA METALICO,2022,Crédito Vehicular MAF,US $,22740,18192,4,NAT,Masculino,Soltero,6,2
AGYA,PLATA METALICO,2022,Venta Directa,US $,12800,10240,4,NAT,Masculino,Soltero,12,3
AVANZA,GRIS OSCURO METALICO,2020,Venta Directa,US $,13000,10400,4,NAT,Masculino,Soltero,6,5
COROLLA CROSS,GRIS OSCURO METALICO,2022,Venta Directa,US $,25090,20072,4,NAT,Femenino,Soltero,0,0
AVANZA,GRIS OSCURO METALICO,2021,Venta Directa,US $,19870,15896,4,NAT,Masculino,Soltero,4,0
COROLLA,PLATA METALICO,2020,Venta Directa,US $,20000,16000,4,NAT,Masculino,,5,1
RUSH,ROJO MICA METALICO,2021,Venta Directa,US $,21390,17112,4,NAT,Femenino,Casado,6,3
HILUX,PLATA METALICO,2024,Venta Directa,US $,46300,37040,4,JUR,Masculino,Soltero,10,3
AVANZA,ROJO MICA METALICO,2024,Crédito Vehicular MAF,US $,17420,13936,4,NAT,Masculino,Soltero,12,5
RAIZE,GRIS OSCURO METALICO,2024,Crédito Vehicular MAF,US $,14540,11632,4,NAT,Femenino,Soltero,0,0
RUSH,BLANCO,2022,Crédito Vehicular MAF,US $,22090,17672,4,NAT,Masculino,Soltero,2,4
YARIS,BLANCO,2022,Crédito Vehicular MAF,US $,17260,13808,4,NAT,Masculino,Soltero,5,2
HILUX,GRIS OSCURO METALICO,2022,Crédito Vehicular MAF,US $,43540,34832,4,JUR,Masculino,Soltero,6,4
HILUX,PLATA METALICO,2022,Venta Directa,US $,40400,32320,4,NAT,Femenino,Soltero,10,3
HILUX,GRIS OSCURO METALICO,2024,Crédito Vehicular MAF,US $,41360,33088,4,NAT,Masculino,Soltero,12,1
HILUX,BLANCO,2024,Licitación,S/.,199950,159960,4,JUR,Masculino,Soltero,11,0
YARIS,PLATA METALICO,2022,Venta Directa,US $,15600,12480,4,NAT,Masculino,Soltero,7,4
RUSH,PLATA METALICO,2022,Venta Directa,US $,21790,17432,4,NAT,Masculino,Casado,6,2
RUSH,BLANCO,2024,Venta Directa,US $,22840,18272,4,NAT,Masculino,Soltero,12,3
ETIOS,BLANCO,2022,Crédito Vehicular MAF,US $,13240,10592,4,NAT,Masculino,Soltero,6,5
RUSH,NEGRO METALICO,2022,Venta Directa,US $,23890,19112,4,NAT,Masculino,Soltero,0,0
RUSH,ROJO MICA METALICO,2021,Venta Directa,US $,21690,17352,4,NAT,Masculino,Soltero,4,0
RUSH,ROJO MICA METALICO,2020,Venta Directa,S/.,73700,58960,4,NAT,Femenino,Casado,5,1
RUSH,PLATA METALICO,2020,Venta Directa,US $,20490,16392,4,NAT,Femenino,Casado,6,3
HILUX,PLATA METALICO,2023,Venta Directa,US $,46290,37032,4,JUR,Masculino,Soltero,10,3
HILUX,PLATA METALICO,2023,Venta Directa,US $,46290,37032,4,JUR,Masculino,Soltero,12,5
HIACE,BLANCO,2024,Venta Directa,US $,47270,37816,4,JUR,Masculino,Viudo,10,0
HILUX,PLATA METALICO,2024,Crédito Vehicular MAF,US $,41360,33088,4,NAT,Femenino,Casado,7,4
AVANZA,BLANCO,2024,Venta Directa,US $,17670,14136,4,NAT,Femenino,Soltero,6,2
AVANZA,BLANCO,2024,Venta Directa,US $,17570,14056,4,NAT,Masculino,Soltero,12,4
COROLLA,PLATA PERLADO,2022,Venta Directa,US $,22730,18184,4,NAT,Masculino,Soltero,6,3
RUSH,PLATA METALICO,2022,Venta Directa,US $,22290,17832,4,NAT,Masculino,Casado,0,1
HILUX,PLATA METALICO,2022,Venta Directa,US $,39870,31896,4,JUR,Masculino,Soltero,2,0
AVANZA,PLATA METALICO,2022,Venta Directa,US $,18790,15032,4,NAT,Masculino,Casado,5,4
HILUX,PLATA METALICO,2022,Crédito Vehicular MAF,US $,39940,31952,4,JUR,Masculino,Casado,6,2
AVANZA,BLANCO,2022,Venta Directa,US $,18790,15032,4,NAT,Femenino,Soltero,10,3
HILUX,BLANCO,2021,Venta Directa,US $,39100,31280,4,JUR,Masculino,Soltero,12,5
ETIOS,BLANCO,2021,Crédito Vehicular MAF,US $,10850,8680,4,NAT,Masculino,Casado,11,3
FORTUNER,GRIS OSCURO METALICO,2021,Venta Directa,US $,51500,41200,4,NAT,Masculino,Casado,7,0
HILUX,BLANCO,2020,Crédito Vehicular MAF,US $,43300,34640,4,NAT,Masculino,Soltero,8,1
AVANZA,GRIS OSCURO METALICO,2020,Crédito Vehicular MAF,US $,15290,12232,4,NAT,Masculino,Soltero,12,3
ETIOS,BLANCO,2020,Crédito Vehicular MAF,US $,8990,7192,4,NAT,Femenino,Soltero,6,3
AVANZA,PLATA METALICO,2020,Venta Directa,US $,17290,13832,4,NAT,Masculino,Casado,0,0
YARIS,GRIS OSCURO METALICO,2020,Venta Directa,US $,14000,11200,4,NAT,Femenino,Soltero,4,6
ETIOS,NEGRO MICA,2020,Crédito Vehicular MAF,US $,8990,7192,4,NAT,Femenino,Soltero,5,4
AVANZA,NEGRO METALICO,2020,Venta Directa,US $,17390,13912,4,NAT,Masculino,Soltero,10,2
HILUX,PLATA METALICO,2020,Venta Directa,US $,36200,28960,4,NAT,Femenino,Soltero,7,4
HILUX,BLANCO,2020,Venta Directa,US $,43700,34960,4,JUR,Masculino,,6,3
HILUX,PLATA METALICO,2024,Crédito Vehicular MAF,US $,41360,33088,4,NAT,Masculino,Soltero,12,1
AVANZA,GRIS OSCURO METALICO,2024,Venta Directa,US $,17920,14336,4,NAT,Masculino,Casado,6,0
RUSH,ROJO MICA METALICO,2024,Venta Directa,US $,21740,17392,4,NAT,Masculino,Casado,0,0
HILUX,BLANCO,2024,Venta Directa,US $,41160,32928,4,JUR,Masculino,,15,2
HILUX,BLANCO,2021,Crédito Vehicular MAF,US $,41900,33520,4,NAT,Masculino,,5,3
HILUX,BLANCO,2021,Crédito Vehicular,US $,43000,34400,4,NAT,Femenino,Soltero,6,5
ETIOS,BLANCO,2021,Crédito Vehicular MAF,US $,11250,9000,4,NAT,Masculino,Soltero,10,3
ETIOS,PLATA METALICO,2018,Venta Directa,S/.,32400,25920,4,NAT,Masculino,Soltero,12,0
ETIOS,NEGRO MICA,2020,Venta Directa,US $,11500,9200,4,NAT,Masculino,Soltero,11,1
ETIOS,NEGRO MICA,2020,Venta Directa,US $,11590,9272,4,NAT,Masculino,Soltero,13,3
HILUX,PLATA METALICO,2020,Venta Directa,US $,37200,29760,4,JUR,Femenino,Soltero,6,3
HILUX,BLANCO,2024,Crédito Vehicular MAF,US $,46500,37200,4,NAT,Masculino,Soltero,12,5
HILUX,NEGRO MICA,2023,Crédito Vehicular MAF,US $,41360,33088,4,JUR,Masculino,Soltero,6,0
HILUX,BLANCO,2024,Crédito Vehicular MAF,US $,46500,37200,4,JUR,Masculino,Soltero,0,0
AVANZA,ROJO MICA METALICO,2022,Crédito Vehicular MAF,US $,19190,15352,4,NAT,Femenino,Casado,4,2
RUSH,ROJO MICA METALICO,2020,Venta Directa,US $,18200,14560,4,NAT,Masculino,Soltero,5,4
ETIOS,PLATA METALICO,2022,Crédito Vehicular MAF,US $,12650,10120,4,NAT,Masculino,Soltero,6,3
HILUX,GRIS OSCURO METALICO,2022,Crédito Vehicular MAF,US $,38680,30944,4,NAT,Masculino,Soltero,10,1
AVANZA,NEGRO METALICO,2021,Venta Directa,S/.,79040,63232,4,NAT,Femenino,,12,0
ETIOS,PLATA METALICO,2021,Venta Directa,US $,12600,10080,4,NAT,Femenino,Soltero,10,4
ETIOS,BLANCO,2020,Venta Directa,US $,11790,9432,4,NAT,Masculino,Soltero,7,2
AVANZA,BLANCO,2020,Venta Directa,US $,17390,13912,4,NAT,Masculino,Soltero,6,3
HILUX,PLATA METALICO,2020,Venta Directa,US $,40500,32400,4,JUR,Femenino,Soltero,12,5
RUSH,BLANCO,2020,Venta Directa,US $,21390,17112,4,NAT,Femenino,Soltero,6,3
AVANZA,DORADO METALICO,2020,Venta Directa,US $,17300,13840,4,NAT,Femenino,Casado,0,0
AVANZA,BLANCO,2020,Crédito Vehicular,US $,17300,13840,4,NAT,Masculino,Soltero,2,1
HILUX,BLANCO,2021,Venta Directa,US $,42500,34000,4,JUR,Masculino,,5,3
HILUX,GRIS OSCURO METALICO,2020,Venta Directa,US $,41000,32800,4,NAT,Masculino,,6,3
RUSH,ROJO MICA METALICO,2020,Venta Directa,US $,21990,17592,4,NAT,Masculino,Soltero,10,5
HILUX,GRIS OSCURO METALICO,2023,Venta Directa,US $,41190,32952,4,NAT,Masculino,Casado,12,6
FRONTIER,GRIS METALICO,2020,Venta Directa,US $,26700,21360,4,NAT,Masculino,Soltero,11,4
HIACE,BLANCO,2023,Venta Directa,US $,46750,37400,4,JUR,Masculino,Viudo,7,2
RUSH,ROJO MICA METALICO,2022,Venta Directa,US $,23040,18432,4,NAT,Femenino,Soltero,6,4
AVANZA,ROJO MICA METALICO,2022,Venta Directa,US $,18790,15032,4,NAT,Femenino,Soltero,12,3
AVANZA,ROJO MICA METALICO,2022,Venta Directa,US $,18470,14776,4,NAT,Masculino,Casado,6,1
HILUX,BLANCO,2021,Venta Directa,US $,38700,30960,4,NAT,Masculino,Soltero,0,0
AVANZA,BLANCO,2021,Venta Directa,US $,18600,14880,4,NAT,Masculino,Casado,4,4
RUSH,PLATA METALICO,2019,Venta Directa,US $,21190,16952,4,NAT,Masculino,Casado,5,2
AVANZA,ROJO MICA METALICO,2022,Venta Directa,US $,17740,14192,4,NAT,Masculino,Casado,6,3
YARIS,GRIS OSCURO METALICO,2021,Venta Directa,US $,15990,12792,4,NAT,Masculino,Soltero,10,5
RUSH,ROJO MICA METALICO,2022,Crédito Vehicular MAF,US $,22040,17632,4,NAT,Femenino,Casado,12,3
AVANZA,PLATA METALICO,2022,Crédito Vehicular MAF,US $,18340,14672,4,NAT,Femenino,Soltero,0,0
HILUX,PLATA METALICO,2021,Venta Directa,US $,42500,34000,4,JUR,Femenino,Casado,2,1
AVANZA,GRIS OSCURO METALICO,2020,Venta Directa,US $,18600,14880,4,JUR,Masculino,Casado,5,3
RUSH,NEGRO METALICO,2025,Venta Directa,US $,23530,18824,4,NAT,Masculino,Casado,6,3
FORTUNER,BLANCO,2024,Venta Directa,US $,41000,32800,4,JUR,Masculino,Soltero,10,5
HILUX,BLANCO,2024,Crédito Vehicular MAF,US $,44230,35384,4,JUR,Masculino,,12,0
HILUX,GRIS OSCURO METALICO,2024,Venta Directa,US $,45790,36632,4,JUR,Masculino,Soltero,11,4
HILUX,PLATA METALICO,2024,Venta Directa,US $,40200,32160,4,JUR,Masculino,Casado,7,2
HILUX,GRIS OSCURO METALICO,2024,Venta Directa,S/.,155690,124552,4,JUR,Masculino,Soltero,6,4
YARIS CROSS,ROJO ESCARLATA METALICO,2024,Venta Directa,US $,22990,18392,4,NAT,Femenino,Soltero,12,3
AVANZA,PLATA METALICO,2024,Venta Directa,US $,18670,14936,4,NAT,Masculino,Soltero,6,1
ETIOS,TURQUESA MICA METALICO,2017,Venta Directa,S/.,33000,26400,4,NAT,Masculino,Casado,0,0
RUSH,ROJO MICA METALICO,2019,Venta Directa,US $,21290,17032,4,NAT,Masculino,Casado,4,4
HILUX,BLANCO,2023,Crédito Vehicular MAF,US $,31150,24920,4,NAT,Masculino,,5,2
HILUX,BLANCO,2024,Venta Directa,US $,40360,32288,4,JUR,Masculino,Soltero,6,3
AVANZA,BLANCO,2024,Crédito Vehicular MAF,US $,17870,14296,4,NAT,Masculino,Soltero,10,5
RUSH,ROJO OSCURO MICA,2024,Venta Directa,US $,20630,16504,4,NAT,Masculino,Casado,12,3
AVANZA,ROJO MICA METALICO,2022,Venta Directa,US $,19390,15512,4,NAT,Masculino,Soltero,10,0
HILUX,BLANCO,2022,Venta Directa,US $,39640,31712,4,JUR,Masculino,Soltero,7,1
HILUX,GRIS OSCURO METALICO,2022,Licitación,S/.,152000,121600,4,JUR,Masculino,,6,3
AVANZA,GRIS OSCURO METALICO,2022,Venta Directa,US $,19390,15512,4,NAT,Masculino,Soltero,12,3
RUSH,PLATA METALICO,2023,Venta Directa,US $,21240,16992,4,NAT,Masculino,Casado,6,5
RUSH,NEGRO METALICO,2024,Venta Directa,US $,22640,18112,4,NAT,Masculino,Casado,0,0
ETIOS,BLANCO,2021,Venta Directa,US $,13050,10440,4,NAT,Masculino,Soltero,2,4
RUSH,PLATA METALICO,2022,Crédito Vehicular MAF,US $,26290,21032,4,NAT,Masculino,Casado,5,2
AGYA,GRIS OSCURO METALICO,2022,Venta Directa,US $,12900,10320,4,NAT,Masculino,Casado,6,
ETIOS,NEGRO MICA,2021,Venta Directa,S/.,52260,41808,4,NAT,Masculino,Casado,10,3
RAV4,ROJO MICA,2020,Venta Directa,US $,25500,20400,4,NAT,Masculino,Casado,12,1
FORTUNER,NEGRO MICA,2022,Crédito Vehicular MAF,US $,37450,29960,4,JUR,Femenino,Soltero,11,4
RUSH,BLANCO,2022,Crédito Vehicular MAF,US $,22590,18072,4,NAT,Masculino,Soltero,7,4
HILUX,PLATA METALICO,2022,Venta Directa,US $,39870,31896,4,JUR,Masculino,Soltero,6,2
FORTUNER,BLANCO,2021,Venta Directa,US $,51790,41432,4,JUR,Masculino,Casado,12,3
AVANZA,BLANCO,2021,Crédito Vehicular MAF,US $,17270,13816,4,NAT,Masculino,Soltero,6,5
ETIOS,PLATA METALICO,2022,Crédito Vehicular MAF,US $,12700,10160,4,NAT,Masculino,Soltero,0,0
RUSH,ROJO OSCURO MICA,2020,Venta Directa,S/.,72030,57624,4,NAT,Masculino,Casado,4,0
HILUX,BLANCO,2023,Venta Directa,US $,41360,33088,4,JUR,Masculino,Soltero,5,1
RAIZE,NEGRO,2022,Crédito Vehicular MAF,US $,15090,12072,4,NAT,Femenino,Soltero,10,3
HILUX,GRIS OSCURO METALICO,2022,Venta Directa,US $,39870,31896,4,JUR,Masculino,Casado,7,3
AVANZA,DORADO METALICO,2021,Venta Directa,US $,18200,14560,4,NAT,Femenino,Casado,6,5
RUSH,PLATA METALICO,2021,Venta Directa,US $,23290,18632,4,NAT,Masculino,Casado,12,0
AVANZA,GRIS OSCURO METALICO,2021,Venta Directa,US $,19970,15976,4,NAT,,Soltero,6,4
RUSH,ROJO MICA METALICO,2021,Crédito Vehicular MAF,US $,21240,16992,4,NAT,Masculino,Soltero,0,1
HILUX,BLANCO,2024,Crédito Vehicular MAF,US $,45460,36368,4,NAT,Masculino,Soltero,4,4
FORTUNER,BLANCO,2024,Crédito Vehicular MAF,US $,54640,43712,4,JUR,Masculino,Soltero,5,3
RUSH,ROJO MICA METALICO,2024,Venta Directa,US $,23240,18592,4,NAT,Masculino,Casado,6,1
RUSH,ROJO MICA METALICO,2024,Venta Directa,US $,23240,18592,4,NAT,Masculino,Casado,10,2
HIACE,BLANCO,2024,Venta Directa,S/.,177040,141632,4,JUR,Femenino,Casado,10,4
RUSH,ROJO MICA METALICO,2019,Crédito Vehicular MAF,US $,21290,17032,4,NAT,Masculino,Casado,11,2
AVANZA,NEGRO METALICO,2022,Venta Directa,US $,18170,14536,4,NAT,Masculino,Soltero,7,3
AVANZA,GRIS OSCURO METALICO,2022,Venta Directa,US $,19390,15512,4,NAT,Masculino,Soltero,6,5
HILUX,GRIS OSCURO METALICO,2022,Venta Directa,US $,39640,31712,4,JUR,Femenino,Soltero,12,3
ETIOS,ROJO MICA METALICO,2021,Crédito Vehicular MAF,US $,12000,9600,4,NAT,Femenino,Soltero,15,7
HILUX,BLANCO,2021,Venta Directa,US $,43000,34400,4,JUR,Femenino,Soltero,0,1
RUSH,BLANCO,2021,Crédito Vehicular MAF,US $,21290,17032,4,NAT,Masculino,Soltero,4,3
HILUX,BLANCO,2021,Venta Directa,US $,38900,31120,4,JUR,Masculino,Casado,5,3
ETIOS,ROJO MICA METALICO,2021,Crédito Vehicular MAF,US $,12000,9600,4,NAT,Masculino,Soltero,6,5
AGYA,PLATA METALICO,2020,Crédito Vehicular MAF,US $,8790,7032,4,NAT,Masculino,,10,6
ETIOS,GRIS OSCURO METALICO,2024,Crédito Vehicular MAF,US $,11530,9224,4,NAT,Masculino,Soltero,12,4
AVANZA,GRIS OSCURO METALICO,2022,Venta Directa,S/.,68750,55000,4,NAT,Masculino,Soltero,10,2
HILUX,PLATA METALICO,2024,Crédito Vehicular MAF,US $,41360,33088,4,NAT,Masculino,Soltero,2,4
RUSH,ROJO MICA METALICO,2022,Crédito Vehicular MAF,US $,22090,17672,4,NAT,Masculino,Casado,6,3
RUSH,ROJO MICA METALICO,2022,Venta Directa,US $,22290,17832,4,NAT,Masculino,Soltero,12,1
HILUX,PLATA METALICO,2020,Venta Directa,US $,36200,28960,4,NAT,Masculino,Casado,6,0
ETIOS,BLANCO,2020,Crédito Vehicular MAF,US $,9290,7432,4,NAT,Femenino,Soltero,0,0
ETIOS,BEIGE MICA,2020,Venta Directa,US $,10790,8632,4,JUR,Masculino,Soltero,2,2
HILUX,GRIS OSCURO METALICO,2022,Venta Directa,US $,29410,23528,4,JUR,Femenino,Soltero,5,3
HILUX,GRIS OSCURO METALICO,2022,Venta Directa,US $,39870,31896,4,JUR,Masculino,Casado,6,5
AVANZA,NEGRO METALICO,2021,Crédito Vehicular MAF,US $,16870,13496,4,NAT,Femenino,Soltero,10,3
RUSH,ROJO MICA METALICO,2021,Crédito Vehicular MAF,US $,20690,16552,4,NAT,Masculino,Soltero,12,0
RUSH,BLANCO,2020,Venta Directa,US $,20390,16312,4,NAT,Femenino,Casado,11,1
RUSH,BLANCO,2024,Venta Directa,S/.,89720,71776,4,NAT,Masculino,Soltero,7,3
HILUX,GRIS OSCURO METALICO,2022,Venta Directa,US $,39870,31896,4,NAT,Femenino,Soltero,6,3
YARIS,ROJO MICA METALICO,2021,Crédito Vehicular MAF,US $,13370,10696,4,NAT,Masculino,Soltero,12,5
HILUX,BLANCO,2021,Crédito Vehicular,US $,39100,31280,4,JUR,Femenino,Soltero,6,0
FORTUNER,PLATA METALICO,2021,Venta Directa,US $,51990,41592,4,NAT,Masculino,Soltero,0,0
RUSH,ROJO MICA METALICO,2021,Crédito Vehicular MAF,US $,21600,17280,4,NAT,Masculino,Casado,4,2
HILUX,GRIS OSCURO METALICO,2021,Crédito Vehicular MAF,US $,42800,34240,4,JUR,Masculino,,5,4
HILUX,NEGRO MICA,2023,Venta Directa,US $,39960,31968,4,JUR,Masculino,Casado,6,3
HILUX,BLANCO,2023,Licitación,S/.,179000,143200,4,JUR,Masculino,,10,1
HILUX,PLATA METALICO,2023,Venta Directa,US $,47700,38160,4,NAT,Femenino,Soltero,12,0
ETIOS,ROJO MICA METALICO,2021,Venta Directa,US $,12850,10280,4,NAT,Masculino,Casado,0,0
HILUX,PLATA METALICO,2023,Crédito Vehicular MAF,US $,40730,32584,4,JUR,Femenino,Soltero,2,2
COROLLA CROSS,NEGRO MICA,2021,Venta Directa,S/.,95160,76128,4,JUR,Masculino,,5,3
HILUX,BLANCO,2022,Venta Directa,US $,43850,35080,4,NAT,Masculino,Casado,6,5
RUSH,ROJO MICA METALICO,2022,Venta Directa,US $,23890,19112,4,NAT,Masculino,Casado,10,3
AVANZA,GRIS OSCURO METALICO,2022,Crédito Vehicular MAF,US $,18690,14952,4,NAT,Femenino,Soltero,12,0
AVANZA,ROJO MICA METALICO,2022,Crédito Vehicular MAF,US $,18090,14472,4,NAT,Masculino,Soltero,4,1
YARIS,BLANCO,2021,Crédito Vehicular MAF,US $,14670,11736,4,NAT,Femenino,Soltero,7,3
ETIOS,BLANCO,2021,Venta Directa,US $,13250,10600,4,NAT,Femenino,Soltero,6,3
HILUX,BLANCO,2022,Venta Directa,US $,43850,35080,4,JUR,Masculino,Soltero,12,5
HILUX,BLANCO,2022,Crédito Vehicular MAF,US $,42870,34296,4,NAT,Masculino,Soltero,6,6
ETIOS,ROJO MICA METALICO,2022,Venta Directa,US $,15250,12200,4,NAT,,Soltero,0,0
HILUX,GRIS OSCURO METALICO,2022,Crédito Vehicular MAF,US $,42870,34296,4,JUR,Masculino,Soltero,4,2
HILUX,GRIS OSCURO METALICO,2022,Venta Directa,US $,43850,35080,4,JUR,Masculino,Soltero,5,4
AVANZA,BLANCO,2021,Venta Directa,US $,19870,15896,4,NAT,Masculino,Casado,6,3
ETIOS,ROJO MICA METALICO,2021,Crédito Vehicular MAF,US $,11290,9032,4,NAT,Masculino,Soltero,10,1
ETIOS,ROJO MICA METALICO,2021,Crédito Vehicular MAF,US $,11290,9032,4,NAT,Masculino,Soltero,12,0
HILUX,PLATA METALICO,2022,Crédito Vehicular MAF,US $,39640,31712,4,NAT,Femenino,Soltero,10,4
YARIS,BLANCO,2022,Crédito Vehicular MAF,US $,17630,14104,4,JUR,Masculino,Soltero,7,2
AVANZA,GRIS OSCURO METALICO,2022,Venta Directa,US $,18290,14632,4,NAT,Masculino,Soltero,6,3
HILUX,ROJO METALICO,2022,Crédito Vehicular,US $,39870,31896,4,NAT,Femenino,Soltero,12,5
HILUX,PLATA METALICO,2022,Crédito Vehicular MAF,US $,42870,34296,4,NAT,Masculino,Soltero,6,3
ETIOS,NEGRO MICA,2022,Crédito Vehicular MAF,US $,13300,10640,4,NAT,Masculino,Soltero,0,0
HIACE,BLANCO,2025,Venta Directa,US $,48090,38472,4,JUR,Masculino,Viudo,2,1
RAIZE,BLANCO PERLA METALIZADO,2022,Crédito Vehicular,US $,16610,13288,4,NAT,Masculino,Soltero,5,3
RUSH,BLANCO,2022,Crédito Vehicular MAF,US $,24000,19200,4,NAT,Masculino,Soltero,6,3
HILUX,PLATA METALICO,2022,Venta Directa,US $,45230,36184,4,NAT,Masculino,Casado,10,5
COROLLA,GRIS CELESTIAL METALICO,2022,Crédito Vehicular MAF,US $,20230,16184,4,NAT,Masculino,Casado,12,3
HILUX,GRIS OSCURO METALICO,2022,Crédito Vehicular MAF,US $,49430,39544,4,JUR,Masculino,Casado,11,4
AVANZA,PLATA METALICO,2021,Venta Directa,US $,19700,15760,4,NAT,Masculino,Casado,7,2
AVANZA,ROJO MICA METALICO,2022,Venta Directa,US $,18700,14960,4,NAT,Masculino,,8,4
HILUX,GRIS OSCURO METALICO,2021,Venta Directa,US $,39000,31200,4,JUR,Femenino,Casado,12,3
COROLLA,NEGRO METALICO,2021,Crédito Vehicular MAF,US $,17150,13720,4,NAT,Masculino,Casado,6,1
AVANZA,PLATA METALICO,2019,Venta Directa,US $,18390,14712,4,NAT,Femenino,Soltero,0,0
HIACE,BLANCO,2024,Venta Directa,US $,46500,37200,4,JUR,Masculino,Soltero,4,4
HIACE,BLANCO,2024,Venta Directa,US $,46740,37392,4,JUR,Masculino,Viudo,5,2
COROLLA,NEGRO METALICO,2021,Crédito Vehicular MAF,US $,16450,13160,4,NAT,Masculino,Soltero,10,3
HILUX,BLANCO,2021,Crédito Vehicular MAF,US $,39100,31280,4,JUR,Masculino,Casado,7,5
HILUX,BLANCO,2021,Crédito Vehicular MAF,US $,46000,36800,4,JUR,Masculino,Soltero,6,3
YARIS,PLATA METALICO,2021,Crédito Vehicular MAF,US $,12890,10312,4,NAT,Masculino,Soltero,12,5
FORTUNER,NEGRO MICA,2020,Venta Directa,S/.,177380,141904,4,JUR,Masculino,Soltero,6,1
HILUX,ROJO METALICO,2020,Venta Directa,S/.,98900,79120,4,NAT,Femenino,Soltero,0,0
HILUX,GRIS OSCURO METALICO,2020,Crédito Vehicular MAF,US $,38900,31120,4,NAT,Masculino,Soltero,15,3
HILUX,BLANCO,2020,Venta Directa,US $,36400,29120,4,NAT,Masculino,Soltero,5,5
AVANZA,PLATA METALICO,2020,Venta Directa,US $,19830,15864,4,JUR,Masculino,Soltero,6,6
RUSH,ROJO MICA METALICO,2022,Venta Directa,US $,22230,17784,4,NAT,Masculino,Casado,10,4
RUSH,BLANCO,2022,Venta Directa,US $,22610,18088,4,NAT,Masculino,Soltero,12,2
HILUX,NEGRO MICA,2022,Crédito Vehicular MAF,US $,43270,34616,4,JUR,Masculino,Soltero,11,4
HILUX,NEGRO MICA,2022,Venta Directa,US $,39870,31896,4,NAT,Masculino,Soltero,13,3
FORTUNER,GRIS OSCURO METALICO,2021,Crédito Vehicular,US $,39090,31272,4,NAT,Femenino,Soltero,6,1
AVANZA,BLANCO,2024,Venta Directa,S/.,71136,56909,4,NAT,Masculino,Soltero,12,0
AVANZA,BLANCO,2022,Venta Directa,US $,19390,15512,4,NAT,Masculino,Soltero,6,4
AVANZA,BLANCO,2022,Venta Directa,US $,19390,15512,4,JUR,Femenino,Soltero,0,0
HIACE,BLANCO,2022,Crédito Vehicular MAF,US $,47900,38320,4,JUR,Masculino,Soltero,4,3
AVANZA,ROJO MICA METALICO,2022,Venta Directa,US $,19390,15512,4,NAT,Masculino,Casado,5,5
AVANZA,BLANCO,2022,Venta Directa,US $,18790,15032,4,NAT,Masculino,Casado,6,3
ETIOS,ROJO MICA METALICO,2021,Venta Directa,US $,13050,10440,4,NAT,Femenino,Casado,10,0
HILUX,GRIS OSCURO METALICO,2022,Crédito Vehicular MAF,US $,37990,30392,4,NAT,Masculino,Soltero,12,1
HILUX,BLANCO,2023,Venta Directa,US $,41360,33088,4,JUR,Masculino,Soltero,10,3
HILUX,BLANCO,2022,Venta Directa,US $,28950,23160,4,JUR,Masculino,Soltero,7,3
HILUX,ROJO METALICO,2022,Crédito Vehicular,US $,39870,31896,4,JUR,Masculino,Soltero,6,5
AVANZA,PLATA METALICO,2021,Venta Directa,US $,18600,14880,4,NAT,Masculino,Casado,12,0
YARIS,GRIS OSCURO METALICO,2021,Crédito Vehicular MAF,US $,14290,11432,4,NAT,Masculino,Casado,6,4
AVANZA,GRIS OSCURO METALICO,2022,Crédito Vehicular MAF,US $,18690,14952,4,NAT,Masculino,Soltero,0,0
HILUX,BLANCO,2023,Venta Directa,US $,41060,32848,4,JUR,Masculino,Soltero,2,4
AVANZA,PLATA METALICO,2022,Venta Directa,US $,18790,15032,4,NAT,Masculino,Soltero,5,3
HILUX,BLANCO,2023,Crédito Vehicular MAF,US $,47290,37832,4,JUR,Masculino,Soltero,6,1
FORTUNER,PLATA METALICO,2023,Venta Directa,US $,56440,45152,4,NAT,Femenino,Casado,10,0
RUSH,PLATA METALICO,2022,Venta Directa,US $,24680,19744,4,NAT,Masculino,Casado,12,4
AGYA,ROJO,2020,Crédito Vehicular MAF,US $,11230,8984,4,NAT,Femenino,Soltero,11,2
YARIS,BLANCO,2020,Crédito Vehicular MAF,US $,13720,10976,4,NAT,Masculino,Soltero,7,3
AGYA,BLANCO,2024,Venta Directa,US $,13790,11032,4,NAT,Masculino,Casado,6,5
AVANZA,ROJO MICA METALICO,2022,Venta Directa,US $,18790,15032,4,NAT,Masculino,Casado,12,3
ETIOS,NEGRO MICA,2020,Crédito Vehicular MAF,US $,11390,9112,4,NAT,Masculino,Soltero,6,0
AVANZA,PLATA METALICO,2019,Venta Directa,US $,19910,15928,4,JUR,Masculino,Soltero,0,1
RUSH,PLATA METALICO,2024,Venta Directa,US $,20940,16752,4,NAT,Masculino,Soltero,4,3
RUSH,PLATA METALICO,2023,Venta Directa,S/.,83849,67079,4,NAT,Femenino,Soltero,5,3
HILUX,PLATA METALICO,2022,Licitación,S/.,216000,172800,4,JUR,Masculino,,6,5
HILUX,ROJO METALICO,2021,Venta Directa,US $,39100,31280,4,JUR,Masculino,Casado,10,6
HILUX,BLANCO,2021,Venta Directa,US $,39100,31280,4,JUR,Masculino,Soltero,12,4
HILUX,BLANCO,2021,Venta Directa,US $,46000,36800,4,JUR,Femenino,,0,0
ETIOS,BLANCO,2020,Venta Directa,S/.,39000,31200,4,JUR,Masculino,Soltero,2,4
RUSH,PLATA METALICO,2022,Venta Directa,US $,22290,17832,4,NAT,Masculino,Casado,5,3
HILUX,GRIS OSCURO METALICO,2021,Crédito Vehicular,US $,39100,31280,4,JUR,Femenino,Soltero,6,1
HILUX,GRIS OSCURO METALICO,2021,Crédito Vehicular MAF,US $,46000,36800,4,JUR,Masculino,Soltero,10,4
HILUX,BLANCO,2021,Venta Directa,US $,43000,34400,4,JUR,,Soltero,12,4
RUSH,BLANCO,2021,Crédito Vehicular MAF,US $,20190,16152,4,NAT,Femenino,Soltero,11,2
YARIS,ROJO MICA METALICO,2022,Crédito Vehicular MAF,US $,14590,11672,4,NAT,Femenino,Casado,7,
HILUX,GRIS OSCURO METALICO,2022,Venta Directa,US $,38990,31192,4,JUR,Masculino,Casado,6,5
HIACE,BLANCO,2022,Venta Directa,US $,45000,36000,4,NAT,Masculino,Viudo,12,3
RUSH,PLATA METALICO,2022,Crédito Vehicular MAF,US $,22090,17672,4,NAT,Masculino,Casado,6,0
AVANZA,ROJO MICA METALICO,2022,Venta Directa,US $,18790,15032,4,NAT,Masculino,Soltero,0,1
AVANZA,NEGRO METALICO,2020,Venta Directa,US $,18500,14800,4,NAT,Femenino,Soltero,4,3
AVANZA,DORADO METALICO,2021,Venta Directa,S/.,76590,61272,4,NAT,Masculino,Casado,5,3
ETIOS,PLATA METALICO,2021,Crédito Vehicular MAF,US $,10690,8552,4,NAT,Masculino,Soltero,6,5
RUSH,ROJO MICA METALICO,2021,Venta Directa,US $,21290,17032,4,NAT,Femenino,Soltero,10,0
HILUX,GRIS OSCURO METALICO,2023,Venta Directa,US $,41000,32800,4,NAT,Masculino,Casado,12,4
HILUX,GRIS OSCURO METALICO,2023,Venta Directa,US $,41000,32800,4,NAT,Masculino,Casado,14,2
HILUX,BLANCO,2021,Venta Directa,US $,38700,30960,4,JUR,Masculino,Soltero,7,4
ETIOS,ROJO MICA METALICO,2021,Crédito Vehicular MAF,US $,10850,8680,4,NAT,Masculino,Soltero,6,3
ETIOS,GRIS OSCURO METALICO,2021,Venta Directa,US $,12950,10360,4,NAT,Masculino,Soltero,12,1
RUSH,ROJO MICA METALICO,2021,Venta Directa,US $,21690,17352,4,NAT,Masculino,Casado,6,0
HILUX,GRIS OSCURO METALICO,2022,Venta Directa,US $,43650,34920,4,JUR,Femenino,Soltero,0,0
HILUX,BLANCO,2022,Venta Directa,US $,39870,31896,4,JUR,Masculino,Soltero,2,2
RUSH,BLANCO,2021,Crédito Vehicular MAF,US $,20990,16792,4,NAT,Masculino,Soltero,5,3
HILUX,PLATA METALICO,2021,Venta Directa,US $,38700,30960,4,JUR,Masculino,Soltero,6,5
HILUX,ROJO METALICO,2019,Venta Directa,US $,26800,21440,4,NAT,Masculino,Soltero,10,3
AVANZA,BLANCO,2022,Venta Directa,US $,18540,14832,4,NAT,Masculino,Soltero,12,0
RAV4,GRIS OSCURO METALICO,2022,Crédito Vehicular MAF,US $,32290,25832,4,NAT,Masculino,Soltero,11,1
RUSH,BEIGE OSCURO MICA,2021,Venta Directa,US $,21790,17432,4,NAT,Masculino,Casado,7,3
AGYA,NEGRO,2022,Venta Directa,US $,10000,8000,4,NAT,Masculino,Soltero,6,3
AVANZA,PLATA METALICO,2025,Crédito Vehicular MAF,US $,18970,15176,4,NAT,Masculino,Soltero,12,5
HILUX,BLANCO,2022,Crédito Vehicular MAF,US $,42870,34296,4,NAT,Masculino,Soltero,6,6
RAV4,ROJO MICA,2022,Venta Directa,US $,31090,24872,4,NAT,Masculino,Casado,0,0
COROLLA,CELESTE MICA METALICO,2020,Venta Directa,S/.,68000,54400,4,NAT,Masculino,Soltero,4,2
RUSH,PLATA METALICO,2020,Venta Directa,US $,21590,17272,4,NAT,Masculino,Soltero,10,4
ETIOS,NEGRO MICA,2020,Crédito Vehicular MAF,US $,12790,10232,4,NAT,Masculino,Soltero,7,3
RUSH,ROJO MICA METALICO,2020,Venta Directa,US $,21190,16952,4,NAT,Masculino,Casado,6,1
AVANZA,AZUL OSCURO METALICO,2019,Venta Directa,US $,19640,15712,4,NAT,Femenino,Soltero,12,0
HILUX,BLANCO,2019,Venta Directa,US $,41300,33040,4,JUR,Masculino,Casado,6,4
HILUX,BLANCO,2019,Venta Directa,US $,41300,33040,4,JUR,Masculino,Casado,0,0
HILUX,GRIS OSCURO METALICO,2024,Crédito Vehicular MAF,US $,41360,33088,4,JUR,Femenino,Casado,2,3
AVANZA,PLATA METALICO,2020,Venta Directa,US $,17390,13912,4,NAT,Femenino,Soltero,8,5
AGYA,BLANCO,2023,Crédito Vehicular MAF,US $,10780,8624,4,NAT,Masculino,Casado,6,3
HILUX,BLANCO,2024,Crédito Vehicular MAF,US $,41360,33088,4,NAT,Masculino,Soltero,10,0
RUSH,BLANCO,2022,Venta Directa,US $,22290,17832,4,NAT,Masculino,Soltero,12,1
HILUX,BLANCO,2021,Venta Directa,US $,39100,31280,4,JUR,Masculino,Soltero,11,3
HILUX,BLANCO,2021,Crédito Vehicular MAF,US $,39100,31280,4,JUR,Masculino,Soltero,7,3
ETIOS,BLANCO,2021,Venta Directa,US $,13050,10440,4,NAT,,Soltero,6,5
AVANZA,BLANCO,2022,Crédito Vehicular,US $,18720,14976,4,NAT,Masculino,Soltero,12,0
HILUX,NEGRO MICA,2020,Venta Directa,US $,27600,22080,4,JUR,Masculino,Casado,6,4
HILUX,GRIS OSCURO METALICO,2022,Leasing,US $,43850,35080,4,JUR,Masculino,Casado,0,0
HILUX,BLANCO,2021,Venta Directa,S/.,160218,128174,4,JUR,Masculino,Casado,4,4
HILUX,BLANCO,2021,Crédito Vehicular MAF,US $,43553,34842,4,NAT,Masculino,Soltero,5,3
HILUX,GRIS OSCURO METALICO,2023,Crédito Vehicular MAF,US $,52530,42024,4,JUR,Femenino,Soltero,6,1
YARIS,GRIS OSCURO METALICO,2022,Venta Directa,US $,19300,15440,4,NAT,Masculino,Casado,10,0
HILUX,ROJO METALICO,2022,Venta Directa,US $,43850,35080,4,JUR,Masculino,Soltero,12,4
HILUX,PLATA METALICO,2022,Leasing,US $,39870,31896,4,JUR,Masculino,Casado,10,2
RUSH,ROJO MICA METALICO,2022,Venta Directa,US $,22290,17832,4,NAT,Masculino,Soltero,7,3
ETIOS,PLATA METALICO,2022,Crédito Vehicular MAF,US $,13300,10640,4,NAT,Masculino,Soltero,6,5
ETIOS,GRIS OSCURO METALICO,2022,Crédito Vehicular MAF,US $,13100,10480,4,NAT,Masculino,Soltero,12,3
ETIOS,BLANCO,2022,Crédito Vehicular MAF,US $,13450,10760,4,NAT,Masculino,Soltero,2,0
HILUX,BLANCO,2021,Venta Directa,US $,38700,30960,4,JUR,Femenino,Soltero,0,1
RUSH,BEIGE OSCURO MICA,2022,Venta Directa,US $,22290,17832,4,NAT,Masculino,Casado,2,3
HILUX,BLANCO,2022,Crédito Vehicular MAF,US $,42870,34296,4,JUR,Masculino,,5,3
HILUX,ROJO METALICO,2022,Crédito Vehicular MAF,US $,38870,31096,4,NAT,Masculino,Soltero,6,5
HILUX,NEGRO MICA,2022,Crédito Vehicular MAF,US $,42870,34296,4,NAT,Masculino,Soltero,10,6
HILUX,BLANCO,2022,Crédito Vehicular MAF,US $,46850,37480,4,JUR,Masculino,Soltero,12,4
FORTUNER,PLATA METALICO,2022,Venta Directa,US $,39950,31960,4,NAT,Masculino,Soltero,11,2
RUSH,ROJO MICA METALICO,2023,Venta Directa,US $,24940,19952,4,NAT,Masculino,Soltero,7,4
RUSH,ROJO MICA METALICO,2022,Venta Directa,US $,23240,18592,4,NAT,Masculino,Soltero,6,3
AGYA,ROJO,2021,Crédito Vehicular MAF,US $,12390,9912,4,NAT,Masculino,Casado,12,1
RUSH,BLANCO,2021,Venta Directa,S/.,87710,70168,4,NAT,Masculino,Casado,6,0
ETIOS,BLANCO,2022,Venta Directa,US $,14300,11440,4,NAT,Femenino,Soltero,0,0
HILUX,PLATA METALICO,2021,Crédito Vehicular,US $,39100,31280,4,NAT,Femenino,Soltero,4,2
YARIS CROSS,NEGRO MICA,2024,Venta Directa,US $,23190,18552,4,NAT,Masculino,Soltero,5,3
ETIOS,ROJO MICA METALICO,2020,Crédito Vehicular MAF,US $,11590,9272,4,NAT,Masculino,Soltero,6,5
AVANZA,PLATA METALICO,2022,Crédito Vehicular MAF,US $,18590,14872,4,NAT,Femenino,Casado,10,3
HIACE,BLANCO,2022,Licitación,S/.,209000,167200,4,JUR,Masculino,,12,0
LAND CRUISER PRADO,NEGRO,2022,Licitación,S/.,239000,191200,4,JUR,Masculino,,5,1
YARIS,NEGRO MICA,2021,Crédito Vehicular MAF,US $,12890,10312,4,NAT,Masculino,Soltero,2,3
RUSH,ROJO MICA METALICO,2021,Venta Directa,US $,21690,17352,4,JUR,Masculino,Casado,5,3
ETIOS,GRIS OSCURO METALICO,2021,Venta Directa,US $,13000,10400,4,NAT,Masculino,Soltero,6,5
HILUX,ROJO METALICO,2024,Crédito Vehicular MAF,US $,47290,37832,4,JUR,Masculino,Soltero,10,0
ETIOS,BLANCO,2022,Crédito Vehicular MAF,US $,13090,10472,4,NAT,Femenino,Soltero,12,4
AVANZA,BLANCO,2022,Venta Directa,US $,18790,15032,4,NAT,Femenino,Viudo,11,2
RUSH,BEIGE OSCURO MICA,2020,Venta Directa,US $,20590,16472,4,NAT,Masculino,Casado,7,4
HILUX,PLATA METALICO,2020,Venta Directa,US $,40050,32040,4,JUR,Masculino,Soltero,6,3
ETIOS,NEGRO MICA,2022,Crédito Vehicular MAF,US $,12550,10040,4,NAT,Masculino,Soltero,12,1
RAV4,BLANCO PERLA,2020,Venta Directa,US $,28790,23032,4,NAT,Masculino,Soltero,6,0
AVANZA,BLANCO,2022,Venta Directa,US $,18290,14632,4,NAT,Masculino,Casado,9,4
AVANZA,BLANCO,2022,Venta Directa,US $,17910,14328,4,NAT,Masculino,Soltero,4,2
RUSH,NEGRO METALICO,2023,Crédito Vehicular MAF,US $,27250,21800,4,NAT,Masculino,Casado,5,3
RUSH,NEGRO METALICO,2020,Venta Directa,US $,21390,17112,4,NAT,Femenino,Soltero,6,5
RUSH,ROJO MICA METALICO,2022,Venta Directa,US $,22290,17832,4,JUR,Masculino,Soltero,10,3
FORTUNER,BLANCO,2021,Crédito Vehicular MAF,US $,56207,44966,4,JUR,Masculino,Soltero,12,0
HIACE,BLANCO,2023,Venta Directa,US $,46750,37400,4,NAT,Masculino,Soltero,10,1
FORTUNER,NEGRO MICA,2021,Crédito Vehicular MAF,US $,51990,41592,4,JUR,Femenino,Casado,7,3
HILUX,BLANCO,2022,Venta Directa,S/.,151820,121456,4,NAT,Masculino,Soltero,6,3
HILUX,GRIS OSCURO METALICO,2022,Venta Directa,US $,39640,31712,4,JUR,Masculino,Soltero,12,5
HIACE,BLANCO,2020,Venta Directa,US $,39300,31440,4,JUR,Masculino,Soltero,6,6
HILUX,PLATA METALICO,2021,Venta Directa,S/.,105050,84040,4,NAT,Masculino,Casado,0,0
HILUX,PLATA METALICO,2022,Venta Directa,US $,45230,36184,4,JUR,Masculino,Soltero,2,2
AVANZA,BLANCO,2021,Crédito Vehicular MAF,US $,21540,17232,4,NAT,Masculino,Soltero,5,4
HILUX,BLANCO,2021,Crédito Vehicular MAF,US $,41500,33200,4,JUR,Masculino,,6,3
RUSH,PLATA METALICO,2022,Venta Directa,S/.,90390,72312,4,NAT,Femenino,Soltero,10,1
HIACE,PLATA METALICO,2019,Venta Directa,US $,42700,34160,4,NAT,Masculino,Casado,12,0
AVANZA,PLATA METALICO,2019,Venta Directa,US $,18790,15032,4,NAT,Masculino,,11,4
HILUX,GRIS OSCURO METALICO,2024,Venta Directa,US $,41200,32960,4,JUR,Masculino,,7,2
AVANZA,NEGRO METALICO,2022,Venta Directa,S/.,60000,48000,4,NAT,Masculino,Soltero,8,3
SANTA FE,AZUL OSCURO,2016,Venta Directa,S/.,70000,56000,4,NAT,Masculino,Soltero,12,5
AVANZA,VERDE METALICO,2024,Venta Directa,US $,17100,13680,4,NAT,Masculino,Casado,6,3
HILUX,BLANCO,2021,Venta Directa,US $,43000,34400,4,JUR,Masculino,Soltero,0,0
YARIS,NEGRO MICA,2020,Venta Directa,US $,16820,13456,4,JUR,,Soltero,4,1
RUSH,BLANCO,2020,Crédito Vehicular MAF,US $,22590,18072,4,NAT,Femenino,Soltero,5,3
HILUX,BLANCO,2024,Crédito Vehicular MAF,US $,41460,33168,4,NAT,Masculino,Casado,10,3
HILUX,PLATA METALICO,2022,Venta Directa,US $,43940,35152,4,NAT,Masculino,Soltero,7,5
HIACE,BLANCO,2022,Venta Directa,US $,45000,36000,4,JUR,Masculino,Soltero,13,0
AVANZA,VERDE METALICO,2022,Crédito Vehicular MAF,US $,18590,14872,4,NAT,Masculino,Casado,12,4
HILUX,BLANCO,2021,Venta Directa,US $,38300,30640,4,JUR,Masculino,,6,2
AVANZA,PLATA METALICO,2021,Venta Directa,US $,20370,16296,4,NAT,Femenino,Soltero,0,0
AVANZA,BLANCO,2021,Venta Directa,US $,20370,16296,4,NAT,Masculino,Soltero,15,3
ETIOS,BLANCO,2021,Crédito Vehicular MAF,US $,11150,8920,4,NAT,Femenino,Soltero,5,1
AVANZA,BLANCO,2021,Venta Directa,US $,20270,16216,4,NAT,Femenino,Soltero,6,0
AVANZA,ROJO MICA METALICO,2024,Venta Directa,US $,17570,14056,4,NAT,Masculino,Soltero,10,4
RUSH,ROJO OSCURO MICA,2020,Venta Directa,S/.,72970,58376,4,NAT,Masculino,Soltero,12,2
HIACE,BLANCO,2024,Venta Directa,US $,46740,37392,4,JUR,Masculino,Viudo,11,3
AVANZA,VERDE METALICO,2023,Venta Directa,US $,18710,14968,4,NAT,Masculino,Soltero,13,5
HILUX,BLANCO,2023,Crédito Vehicular,S/.,152059,121647,4,JUR,Masculino,Soltero,6,3
RUSH,PLATA METALICO,2022,Venta Directa,US $,23890,19112,4,NAT,Femenino,Casado,12,0
RUSH,PLATA METALICO,2022,Venta Directa,US $,22290,17832,4,NAT,Masculino,Casado,6,1
AVANZA,BLANCO,2021,Venta Directa,US $,18500,14800,4,NAT,Femenino,Soltero,0,0
RUSH,BEIGE OSCURO MICA,2020,Venta Directa,US $,20500,16400,4,JUR,Masculino,Soltero,4,3
AGYA,PLATA METALICO,2020,Venta Directa,US $,10530,8424,4,JUR,Masculino,Soltero,5,5
AVANZA,PLATA METALICO,2022,Venta Directa,US $,18790,15032,4,NAT,Femenino,Soltero,6,6
AVANZA,PLATA METALICO,2022,Venta Directa,US $,18790,15032,4,NAT,Masculino,Soltero,10,4
FORTUNER,PLATA METALICO,2021,Crédito Vehicular MAF,US $,51990,41592,4,NAT,Masculino,Soltero,12,2
HILUX,ROJO METALICO,2021,Venta Directa,US $,28090,22472,4,JUR,Masculino,Soltero,10,4
ETIOS,ROJO MICA METALICO,2022,Crédito Vehicular MAF,US $,12150,9720,4,NAT,Masculino,Soltero,7,3
ETIOS,PLATA METALICO,2022,Venta Directa,US $,14750,11800,4,NAT,Masculino,Casado,6,1
HILUX,GRIS OSCURO METALICO,2022,Crédito Vehicular MAF,US $,38870,31096,4,JUR,Femenino,Soltero,12,0
RUSH,ROJO MICA METALICO,2021,Venta Directa,US $,21500,17200,4,NAT,Femenino,Soltero,6,4
RUSH,BLANCO,2021,Venta Directa,US $,22140,17712,4,NAT,Masculino,Soltero,0,0
HILUX,PLATA METALICO,2022,Venta Directa,US $,39870,31896,4,JUR,Masculino,Soltero,2,3
HILUX,BLANCO,2022,Venta Directa,US $,29900,23920,4,NAT,Masculino,Soltero,5,5
HILUX,BLANCO,2022,Venta Directa,S/.,172680,138144,4,JUR,Femenino,Soltero,6,3
ETIOS,ROJO MICA METALICO,2022,Venta Directa,US $,14740,11792,4,NAT,Masculino,Soltero,10,0
COROLLA,ROJO MICA METALICO,2019,Venta Directa,US $,20440,16352,4,JUR,Masculino,Soltero,12,1
HIACE,BLANCO,2019,Venta Directa,US $,40940,32752,4,JUR,Masculino,Soltero,11,3
YARIS,PLATA METALICO,2019,Venta Directa,US $,14820,11856,4,JUR,Masculino,Soltero,14,3
HILUX,BLANCO,2024,Licitación,S/.,191500,153200,4,JUR,Masculino,,6,5
HILUX,BLANCO,2023,Licitación,S/.,191500,153200,4,JUR,Masculino,,12,0
RUSH,NEGRO METALICO,2022,Venta Directa,US $,22290,17832,4,NAT,Masculino,Soltero,6,4
HILUX,GRIS OSCURO METALICO,2021,Venta Directa,US $,38900,31120,4,JUR,Masculino,Casado,0,0
AVANZA,NEGRO METALICO,2021,Venta Directa,US $,20870,16696,4,NAT,Femenino,Soltero,4,4
AVANZA,GRIS OSCURO METALICO,2022,Venta Directa,US $,19390,15512,4,NAT,Masculino,Casado,5,3
RUSH,BEIGE OSCURO MICA,2020,Venta Directa,US $,22020,17616,4,JUR,Masculino,Soltero,6,1
HILUX,ROJO METALICO,2023,Venta Directa,US $,47160,37728,4,JUR,Masculino,Soltero,10,0
AVANZA,VERDE METALICO,2022,Venta Directa,US $,18790,15032,4,NAT,Femenino,Soltero,12,4
RUSH,BLANCO,2021,Venta Directa,US $,21800,17440,4,NAT,Masculino,Casado,0,0
AVANZA,GRIS OSCURO METALICO,2021,Crédito Vehicular MAF,US $,17270,13816,4,NAT,Masculino,Soltero,2,3
HILUX,BLANCO,2021,Venta Directa,US $,42500,34000,4,JUR,Masculino,Soltero,5,5
HIACE,BLANCO,2023,Venta Directa,US $,46740,37392,4,JUR,Femenino,Soltero,6,3
RUSH,ROJO MICA METALICO,2022,Venta Directa,US $,22290,17832,4,NAT,Femenino,Soltero,10,0
RUSH,PLATA METALICO,2023,Venta Directa,US $,23780,19024,4,NAT,Masculino,Soltero,12,1
RUSH,BLANCO,2023,Venta Directa,US $,24540,19632,4,NAT,Masculino,,11,3
AVANZA,PLATA METALICO,2022,Venta Directa,US $,18790,15032,4,NAT,Masculino,Soltero,7,3
AVANZA,PLATA METALICO,2022,Venta Directa,US $,18790,15032,4,NAT,Femenino,Soltero,6,5
HIACE,BLANCO,2022,Crédito Vehicular MAF,US $,47900,38320,4,NAT,Masculino,Soltero,12,6
FORTUNER,GRIS OSCURO METALICO,2019,Venta Directa,US $,35500,28400,4,NAT,Masculino,Soltero,6,4
RUSH,BLANCO,2023,Venta Directa,US $,23240,18592,4,NAT,Femenino,Soltero,0,0
HIACE,BLANCO,2023,Venta Directa,US $,50250,40200,4,JUR,Masculino,Soltero,4,4
AVANZA,NEGRO METALICO,2022,Venta Directa,US $,18790,15032,4,NAT,Femenino,Soltero,5,3
HIACE,BLANCO,2023,Venta Directa,US $,46000,36800,4,JUR,Femenino,,6,1
RUSH,ROJO MICA METALICO,2021,Venta Directa,US $,23490,18792,4,NAT,Femenino,Casado,10,0
HILUX,PLATA METALICO,2024,Venta Directa,US $,40860,32688,4,JUR,Masculino,Soltero,12,4
AVANZA,BLANCO,2022,Venta Directa,US $,18790,15032,4,NAT,,Soltero,10,2
COROLLA,GRIS OSCURO METALICO,2021,Venta Directa,US $,20350,16280,4,NAT,Masculino,Soltero,7,3
HILUX,BLANCO,2021,Venta Directa,US $,38850,31080,4,JUR,Masculino,Soltero,6,5
ETIOS,BLANCO,2021,Venta Directa,US $,14000,11200,4,NAT,Masculino,Soltero,12,3
ETIOS,BEIGE MICA,2019,Venta Directa,US $,11900,9520,4,NAT,Masculino,Casado,6,0
ETIOS,PLATA METALICO,2022,Crédito Vehicular MAF,US $,13240,10592,4,NAT,Masculino,Soltero,0,1
HILUX,PLATA METALICO,2021,Venta Directa,US $,43000,34400,4,NAT,Masculino,Soltero,2,3
RUSH,NEGRO METALICO,2022,Crédito Vehicular MAF,US $,24030,19224,4,JUR,Femenino,Soltero,5,3
AVANZA,PLATA METALICO,2020,Venta Directa,US $,17490,13992,4,NAT,Masculino,Soltero,6,5
RUSH,ROJO MICA METALICO,2022,Venta Directa,US $,23890,19112,4,JUR,Masculino,Soltero,10,0
RUSH,PLATA METALICO,2022,Venta Directa,US $,22290,17832,4,NAT,Masculino,Soltero,12,4
HILUX,PLATA METALICO,2022,Venta Directa,US $,43900,35120,4,JUR,Masculino,Soltero,11,2
AVANZA,GRIS OSCURO METALICO,2022,Venta Directa,US $,18790,15032,4,NAT,Masculino,Soltero,7,4
HILUX,PLATA METALICO,2022,Venta Directa,US $,28950,23160,4,NAT,Masculino,Casado,6,3
AGYA,PLATA METALICO,2022,Venta Directa,US $,12990,10392,4,NAT,Masculino,Soltero,12,1
RUSH,ROJO MICA METALICO,2021,Venta Directa,US $,23290,18632,4,JUR,Masculino,Soltero,6,0
RUSH,BLANCO,2021,Venta Directa,US $,21690,17352,4,NAT,Masculino,Soltero,0,0
COROLLA,ROJO MICA METALICO,2021,Venta Directa,US $,20600,16480,4,NAT,Masculino,Casado,4,2
HILUX,BLANCO,2022,Crédito Vehicular MAF,US $,39870,31896,4,NAT,Masculino,Soltero,5,3
HILUX,BLANCO,2022,Venta Directa,US $,39870,31896,4,JUR,Masculino,Soltero,10,5
ETIOS,PLATA METALICO,2021,Crédito Vehicular MAF,US $,11250,9000,4,NAT,Masculino,Soltero,7,3
RUSH,BEIGE OSCURO MICA,2020,Venta Directa,US $,22290,17832,4,NAT,Femenino,Casado,6,0
RUSH,BLANCO,2021,Venta Directa,US $,23490,18792,4,NAT,Femenino,Soltero,12,1
RUSH,PLATA METALICO,2020,Venta Directa,S/.,76130,60904,4,NAT,Femenino,Soltero,6,3
AVANZA,PLATA METALICO,2020,Venta Directa,S/.,68590,54872,4,NAT,Femenino,Viudo,0,0
AVANZA,DORADO METALICO,2020,Venta Directa,S/.,68590,54872,4,NAT,Femenino,Viudo,4,5
AVANZA,GRIS OSCURO METALICO,2022,Venta Directa,US $,18700,14960,4,NAT,Masculino,Casado,5,6
AVANZA,GRIS OSCURO METALICO,2022,Venta Directa,US $,18790,15032,4,NAT,Masculino,Casado,6,4
ETIOS,GRIS OSCURO METALICO,2022,Venta Directa,US $,14240,11392,4,NAT,Femenino,Soltero,10,2
ETIOS,PLATA METALICO,2021,Venta Directa,US $,13090,10472,4,NAT,Masculino,Soltero,10,4
ETIOS,PLATA METALICO,2021,Venta Directa,US $,12400,9920,4,NAT,Masculino,Soltero,11,3
AVANZA,GRIS OSCURO METALICO,2020,Venta Directa,US $,18400,14720,4,NAT,Masculino,Casado,7,1
ETIOS,ROJO MICA METALICO,2021,Venta Directa,US $,13190,10552,4,NAT,Femenino,Soltero,6,0
RUSH,BLANCO,2022,Venta Directa,S/.,86410,69128,4,NAT,Masculino,Casado,12,4
HILUX,PLATA METALICO,2023,Venta Directa,US $,41360,33088,4,JUR,Masculino,Soltero,15,2
HILUX,BLANCO,2022,Venta Directa,US $,39870,31896,4,NAT,Masculino,Soltero,0,0
HILUX,NEGRO MICA,2022,Venta Directa,US $,39600,31680,4,JUR,Masculino,Soltero,4,5
RUSH,PLATA METALICO,2021,Venta Directa,US $,21690,17352,4,NAT,Masculino,Soltero,5,3
ETIOS,ROJO MICA METALICO,2021,Crédito Vehicular MAF,US $,10890,8712,4,NAT,,Soltero,6,0
ETIOS,ROJO MICA METALICO,2021,Venta Directa,US $,12600,10080,4,NAT,Masculino,Casado,10,1
HILUX,BLANCO,2024,Crédito Vehicular MAF,US $,44290,35432,4,JUR,Masculino,Soltero,12,3
HILUX,GRIS OSCURO METALICO,2022,Venta Directa,US $,39540,31632,4,JUR,Masculino,Soltero,10,3
RUSH,NEGRO METALICO,2022,Venta Directa,US $,23240,18592,4,NAT,Masculino,Casado,2,5
ETIOS,PLATA METALICO,2020,Venta Directa,S/.,39700,31760,4,NAT,Masculino,Casado,6,0
HILUX,BLANCO,2022,Venta Directa,US $,39490,31592,4,JUR,Masculino,Soltero,12,4
HILUX,BLANCO,2022,Venta Directa,US $,39490,31592,4,JUR,Masculino,Soltero,6,2
AVANZA,ROJO MICA METALICO,2022,Venta Directa,US $,18790,15032,4,NAT,Femenino,Soltero,0,0
AVANZA,PLATA METALICO,2021,Crédito Vehicular MAF,US $,20770,16616,4,NAT,Masculino,Casado,2,3
AVANZA,NEGRO METALICO,2019,Venta Directa,US $,18400,14720,4,NAT,Masculino,Casado,5,1
RUSH,BLANCO,2024,Venta Directa,US $,21240,16992,4,NAT,Masculino,Soltero,6,0
HILUX,GRIS OSCURO METALICO,2022,Licitación,S/.,216000,172800,4,JUR,Masculino,,10,4
COROLLA CROSS,NEGRO MICA,2021,Venta Directa,US $,26390,21112,4,JUR,Femenino,Soltero,12,2
RAV4,PLATA METALICO,2021,Crédito Vehicular MAF,US $,29490,23592,4,NAT,Masculino,Soltero,11,3
RUSH,PLATA METALICO,2021,Crédito Vehicular MAF,US $,21290,17032,4,NAT,Masculino,Soltero,7,5
HILUX,PLATA METALICO,2021,Venta Directa,US $,39000,31200,4,JUR,Masculino,Soltero,6,3
AVANZA,PLATA METALICO,2020,Venta Directa,S/.,62950,50360,4,NAT,Masculino,Casado,12,0
HILUX,GRIS OSCURO METALICO,2024,Crédito Vehicular MAF,US $,41360,33088,4,NAT,Masculino,Soltero,6,1
HILUX,PLATA METALICO,2022,Venta Directa,US $,39870,31896,4,JUR,Femenino,Soltero,0,1
RUSH,BEIGE OSCURO MICA,2021,Venta Directa,US $,21500,17200,4,NAT,Masculino,Casado,4,
HILUX,PLATA METALICO,2021,Venta Directa,US $,28090,22472,4,NAT,Masculino,Soltero,5,5
RUSH,ROJO MICA METALICO,2022,Venta Directa,US $,22290,17832,4,NAT,Masculino,Casado,6,6
RUSH,ROJO MICA METALICO,2022,Venta Directa,US $,22290,17832,4,NAT,Masculino,Soltero,10,4
AVANZA,NEGRO METALICO,2020,Venta Directa,US $,18500,14800,4,JUR,Masculino,Soltero,12,2
HILUX,GRIS OSCURO METALICO,2023,Crédito Vehicular MAF,US $,45830,36664,4,NAT,Masculino,Soltero,0,0
HILUX,GRIS OSCURO METALICO,2022,Venta Directa,US $,39870,31896,4,NAT,Masculino,Casado,2,3
AVANZA,PLATA METALICO,2022,Venta Directa,US $,19390,15512,4,JUR,Masculino,Casado,5,1
HILUX,PLATA METALICO,2022,Venta Directa,US $,39870,31896,4,JUR,Masculino,Soltero,6,0
RUSH,ROJO MICA METALICO,2022,Crédito Vehicular,US $,23890,19112,4,JUR,Masculino,Soltero,10,4
FORTUNER,PLATA METALICO,2021,Crédito Vehicular MAF,US $,51490,41192,4,NAT,Masculino,Soltero,12,2
RUSH,BLANCO,2021,Venta Directa,US $,21690,17352,4,NAT,Masculino,Soltero,4,3
RUSH,PLATA METALICO,2021,Venta Directa,US $,21790,17432,4,JUR,Masculino,Soltero,7,5
HILUX,PLATA METALICO,2021,Venta Directa,US $,42500,34000,4,NAT,Masculino,Soltero,6,3
RUSH,NEGRO METALICO,2021,Venta Directa,US $,21700,17360,4,NAT,Masculino,Casado,12,0
ETIOS,ROJO SOLIDO,2020,Venta Directa,US $,13090,10472,4,NAT,Masculino,Casado,6,1
RUSH,ROJO OSCURO MICA,2022,Venta Directa,US $,17000,13600,4,NAT,Femenino,Soltero,0,0
HILUX,ROJO METALICO,2022,Venta Directa,US $,39870,31896,4,JUR,Masculino,Casado,4,3
AVANZA,BLANCO,2021,Venta Directa,US $,18700,14960,4,NAT,Masculino,Casado,5,5
HILUX,BLANCO,2022,Venta Directa,US $,39870,31896,4,JUR,Femenino,Soltero,6,0
ETIOS,BLANCO,2021,Crédito Vehicular MAF,US $,12800,10240,4,NAT,Masculino,Soltero,10,4
HILUX,PLATA METALICO,2021,Venta Directa,US $,42250,33800,4,JUR,Masculino,,12,2
AVANZA,GRIS OSCURO METALICO,2021,Crédito Vehicular MAF,US $,18700,14960,4,NAT,Masculino,Soltero,10,4
HILUX,GRIS OSCURO METALICO,2021,Venta Directa,US $,42250,33800,4,JUR,Masculino,,7,3
AVANZA,ROJO MICA METALICO,2025,Crédito Vehicular MAF,US $,19320,15456,4,NAT,Masculino,Soltero,6,1
AVANZA,ROJO MICA METALICO,2025,Venta Directa,S/.,70190,56152,4,NAT,Femenino,Soltero,12,0
AVANZA,BLANCO,2024,Venta Directa,US $,17770,14216,4,NAT,Femenino,Soltero,6,4
ETIOS,ROJO MICA METALICO,2022,Crédito Vehicular MAF,US $,13300,10640,4,NAT,Masculino,Soltero,0,0
HILUX,BLANCO,2022,Venta Directa,US $,45230,36184,4,JUR,Femenino,Soltero,2,3
COROLLA CROSS,PLATA PERLADO,2021,Crédito Vehicular MAF,US $,24500,19600,4,NAT,Masculino,Soltero,5,5
ETIOS,NEGRO MICA,2020,Crédito Vehicular MAF,US $,11390,9112,4,NAT,Masculino,Soltero,6,3
ETIOS,GRIS OSCURO METALICO,2020,Venta Directa,US $,13190,10552,4,NAT,Femenino,Soltero,10,0
HILUX,BLANCO,2019,Venta Directa,US $,40000,32000,4,JUR,Masculino,Casado,12,1
AVANZA,PLATA METALICO,2022,Venta Directa,US $,18790,15032,4,NAT,Masculino,Soltero,11,3
AVANZA,PLATA METALICO,2022,Venta Directa,US $,19390,15512,4,NAT,,Casado,7,3
RUSH,ROJO MICA METALICO,2022,Venta Directa,US $,22290,17832,4,NAT,Masculino,Casado,8,5
AVANZA,NEGRO METALICO,2021,Crédito Vehicular MAF,US $,18070,14456,4,NAT,Masculino,Casado,12,6
COROLLA,ROJO MICA METALICO,2021,Venta Directa,US $,18900,15120,4,NAT,Masculino,Soltero,6,4
HILUX,GRIS OSCURO METALICO,2021,Venta Directa,S/.,160310,128248,4,NAT,Masculino,Soltero,0,0
ETIOS,NEGRO MICA,2021,Crédito Vehicular MAF,US $,11150,8920,4,NAT,Masculino,Soltero,4,4
ETIOS,GRIS OSCURO METALICO,2021,Crédito Vehicular MAF,US $,11150,8920,4,NAT,Masculino,Soltero,5,3
FORTUNER,GRIS OSCURO METALICO,2020,Venta Directa,US $,53650,42920,4,NAT,Masculino,Casado,10,1
AVANZA,BLANCO,2024,Venta Directa,US $,17570,14056,4,NAT,Masculino,Casado,7,0
HILUX,GRIS OSCURO METALICO,2020,Venta Directa,US $,40500,32400,4,JUR,Femenino,Casado,6,4
AVANZA,BLANCO,2024,Venta Directa,US $,18370,14696,4,NAT,Masculino,Soltero,12,2
HILUX,BLANCO,2022,Venta Directa,US $,39870,31896,4,JUR,Masculino,Soltero,6,3
HILUX,BLANCO,2020,Venta Directa,US $,36990,29592,4,JUR,Femenino,Soltero,0,0
HILUX,ROJO METALICO,2020,Venta Directa,US $,36900,29520,4,JUR,Femenino,Casado,15,3
HILUX,ROJO METALICO,2020,Venta Directa,US $,36900,29520,4,JUR,Femenino,Casado,5,0
RUSH,PLATA METALICO,2022,Venta Directa,US $,22290,17832,4,NAT,Masculino,Soltero,6,1
ETIOS,PLATA METALICO,2021,Venta Directa,US $,12690,10152,4,NAT,Femenino,Soltero,10,3
HILUX,BLANCO,2021,Venta Directa,US $,42500,34000,4,JUR,Femenino,Soltero,12,3
AVANZA,GRIS OSCURO METALICO,2021,Venta Directa,US $,18600,14880,4,NAT,Femenino,Soltero,11,5
RUSH,NEGRO METALICO,2022,Venta Directa,US $,22290,17832,4,NAT,Femenino,Soltero,13,0
AVANZA,NEGRO METALICO,2022,Venta Directa,US $,17790,14232,4,NAT,Masculino,Casado,6,4
AVANZA,AZUL OSCURO METALICO,2020,Venta Directa,US $,18700,14960,4,NAT,Masculino,Soltero,12,2
AVANZA,GRIS OSCURO METALICO,2021,Venta Directa,S/.,74900,59920,4,NAT,Masculino,Soltero,6,4
HIACE,BLANCO,2021,Venta Directa,US $,37900,30320,4,JUR,Masculino,,0,0
HILUX,BLANCO,2021,Venta Directa,US $,42500,34000,4,JUR,Masculino,Soltero,4,1
COROLLA CROSS,NEGRO MICA,2021,Crédito Vehicular MAF,US $,30400,24320,4,NAT,Masculino,Soltero,5,0
HILUX,PLATA METALICO,2022,Venta Directa,US $,39940,31952,4,NAT,Masculino,Casado,6,4
FORTUNER,GRIS OSCURO METALICO,2020,Crédito Vehicular MAF,US $,49890,39912,4,JUR,Masculino,,10,2
RUSH,ROJO MICA METALICO,2024,Crédito Vehicular MAF,US $,19940,15952,4,NAT,Femenino,Soltero,12,3
HIACE,BLANCO,2022,Venta Directa,US $,45000,36000,4,NAT,Masculino,Casado,10,5
RUSH,PLATA METALICO,2022,Venta Directa,US $,22290,17832,4,NAT,Masculino,Casado,7,3
AVANZA,PLATA METALICO,2021,Venta Directa,S/.,82700,66160,4,NAT,Masculino,Casado,6,0
RUSH,ROJO MICA METALICO,2021,Venta Directa,S/.,87840,70272,4,NAT,Masculino,Soltero,12,1
AVANZA,GRIS OSCURO METALICO,2020,Crédito Vehicular MAF,US $,16790,13432,4,NAT,Masculino,Soltero,6,3
ETIOS,BLANCO,2020,Venta Directa,S/.,40420,32336,4,NAT,Masculino,Soltero,0,0
ETIOS,NEGRO MICA,2020,Venta Directa,S/.,40900,32720,4,NAT,Masculino,Soltero,2,5
AVANZA,NEGRO METALICO,2020,Venta Directa,US $,17300,13840,4,NAT,,Soltero,5,6
HIACE,BLANCO,2024,Venta Directa,US $,46740,37392,4,JUR,Masculino,Viudo,6,4
HILUX,PLATA METALICO,2022,Venta Directa,US $,28950,23160,4,JUR,Masculino,Soltero,10,2
HILUX,PLATA METALICO,2022,Venta Directa,US $,43850,35080,4,NAT,Masculino,Soltero,12,4
RUSH,BLANCO,2021,Venta Directa,US $,20690,16552,4,JUR,Masculino,Soltero,11,3
AVANZA,PLATA METALICO,2021,Venta Directa,US $,19070,15256,4,NAT,Masculino,Casado,7,1
HILUX,BLANCO,2021,Crédito Vehicular MAF,US $,39100,31280,4,JUR,Masculino,Soltero,6,0
HILUX,PLATA METALICO,2020,Venta Directa,US $,40000,32000,4,JUR,Masculino,Soltero,12,4
RUSH,PLATA METALICO,2022,Venta Directa,US $,23200,18560,4,NAT,Masculino,Soltero,6,2
AVANZA,BLANCO,2022,Venta Directa,US $,18790,15032,4,NAT,Masculino,Soltero,0,0
RUSH,ROJO MICA METALICO,2022,Venta Directa,US $,22290,17832,4,NAT,Masculino,Soltero,4,5
HILUX,PLATA METALICO,2022,Venta Directa,US $,43850,35080,4,NAT,Femenino,Soltero,5,3
ETIOS,GRIS OSCURO METALICO,2022,Crédito Vehicular MAF,US $,13000,10400,4,NAT,Masculino,Soltero,6,0
AVANZA,PLATA METALICO,2021,Crédito Vehicular MAF,US $,16390,13112,4,NAT,Masculino,Soltero,10,1
AVANZA,GRIS OSCURO METALICO,2021,Crédito Vehicular MAF,US $,16590,13272,4,NAT,Masculino,Soltero,12,3
AVANZA,PLATA METALICO,2022,Crédito Vehicular MAF,US $,19120,15296,4,NAT,Masculino,Soltero,0,0
VERSA,AZUL OSCURO,2016,Venta Directa,US $,9500,7600,4,NAT,Femenino,Soltero,2,5
HILUX,BLANCO,2023,Venta Directa,US $,47290,37832,4,NAT,Masculino,Casado,5,0
HILUX,PLATA METALICO,2021,Crédito Vehicular,US $,28090,22472,4,JUR,Masculino,Soltero,6,4
RAIZE,PLATA METALICO,2022,Venta Directa,US $,16590,13272,4,NAT,Femenino,,10,2
AVANZA,PLATA METALICO,2021,Crédito Vehicular MAF,US $,19870,15896,4,NAT,Femenino,Soltero,12,4
HILUX,PLATA METALICO,2022,Crédito Vehicular MAF,US $,42870,34296,4,NAT,Masculino,Soltero,11,3
RUSH,ROJO MICA METALICO,2022,Venta Directa,US $,22290,17832,4,NAT,Femenino,Soltero,7,1
HILUX,GRIS OSCURO METALICO,2022,Venta Directa,US $,28950,23160,4,JUR,Masculino,Casado,6,0
AVANZA,BEIGE OSCURO MICA,2021,Venta Directa,US $,19870,15896,4,NAT,Masculino,Soltero,12,4
RUSH,NEGRO METALICO,2021,Venta Directa,US $,23890,19112,4,NAT,Masculino,Casado,6,2
RUSH,BEIGE OSCURO MICA,2021,Crédito Vehicular MAF,US $,22290,17832,4,NAT,Masculino,Soltero,0,0
AVANZA,PLATA METALICO,2022,Venta Directa,US $,18740,14992,4,NAT,Masculino,Soltero,4,5
FORTUNER,GRIS OSCURO METALICO,2021,Crédito Vehicular MAF,US $,51990,41592,4,JUR,Masculino,Soltero,5,3
FORTUNER,GRIS OSCURO METALICO,2021,Venta Directa,US $,52490,41992,4,NAT,Masculino,Soltero,6,0
HILUX,PLATA METALICO,2021,Venta Directa,US $,42800,34240,4,JUR,Femenino,Soltero,10,1
HILUX,BLANCO,2021,Venta Directa,US $,43000,34400,4,JUR,Masculino,Soltero,12,3
ETIOS,PLATA METALICO,2021,Crédito Vehicular MAF,US $,12400,9920,4,NAT,Masculino,Soltero,10,3
RUSH,ROJO MICA METALICO,2024,Venta Directa,S/.,80500,64400,4,NAT,Masculino,Soltero,7,5
RUSH,PLATA METALICO,2024,Venta Directa,US $,21940,17552,4,NAT,Masculino,Soltero,6,6
HILUX,GRIS OSCURO METALICO,2024,Crédito Vehicular MAF,US $,45460,36368,4,NAT,Masculino,Soltero,12,4
RUSH,ROJO MICA METALICO,2022,Venta Directa,US $,21290,17032,4,NAT,Femenino,Soltero,6,2
HILUX,PLATA METALICO,2021,Venta Directa,US $,38800,31040,4,JUR,Masculino,Soltero,10,4
ETIOS,BLANCO,2021,Venta Directa,US $,13700,10960,4,JUR,Masculino,Soltero,2,3
RUSH,ROJO MICA METALICO,2020,Venta Directa,S/.,78588,62870,4,NAT,Masculino,Soltero,5,1
AVANZA,PLATA METALICO,2021,Crédito Vehicular MAF,US $,18070,14456,4,NAT,Masculino,Soltero,6,0
AVANZA,ROJO MICA METALICO,2024,Venta Directa,US $,17570,14056,4,NAT,Masculino,Casado,10,4
RUSH,BLANCO,2022,Venta Directa,US $,22290,17832,4,NAT,Masculino,Soltero,12,2
AVANZA,NEGRO METALICO,2020,Venta Directa,US $,12610,10088,4,NAT,Masculino,Soltero,11,3
HILUX,GRIS OSCURO METALICO,2020,Venta Directa,US $,25760,20608,4,JUR,Masculino,Soltero,10,5
RUSH,NEGRO METALICO,2022,Venta Directa,US $,22290,17832,4,NAT,Masculino,Soltero,7,3
RUSH,PLATA METALICO,2020,Venta Directa,US $,20200,16160,4,NAT,Masculino,Soltero,6,0
RUSH,BLANCO,2020,Venta Directa,US $,20390,16312,4,NAT,Masculino,Casado,12,1
ETIOS,PLATA METALICO,2020,Venta Directa,US $,11590,9272,4,NAT,Masculino,Casado,6,3
AVANZA,BLANCO,2022,Venta Directa,S/.,73280,58624,4,NAT,Masculino,Soltero,12,3
HILUX,PLATA METALICO,2022,Venta Directa,US $,41700,33360,4,JUR,Masculino,Soltero,2,5
AVANZA,BLANCO,2022,Venta Directa,US $,19390,15512,4,NAT,Masculino,Casado,5,0
HILUX,BLANCO,2019,Venta Directa,US $,42200,33760,4,JUR,Masculino,Soltero,6,4
RUSH,BLANCO,2022,Venta Directa,US $,22290,17832,4,NAT,Masculino,Soltero,10,2
RUSH,NEGRO METALICO,2022,Venta Directa,US $,23890,19112,4,NAT,Masculino,Casado,12,4
HILUX,GRIS OSCURO METALICO,2022,Venta Directa,US $,38370,30696,4,NAT,Masculino,Soltero,11,3
AVANZA,BLANCO,2021,Venta Directa,US $,18600,14880,4,JUR,Femenino,Soltero,7,1
AVANZA,NEGRO METALICO,2019,Venta Directa,US $,17990,14392,4,NAT,Masculino,Casado,6,0
ETIOS,GRIS OSCURO METALICO,2021,Crédito Vehicular MAF,US $,10550,8440,4,NAT,Femenino,Soltero,12,4
RAIZE,ROJO,2022,Venta Directa,US $,15290,12232,4,NAT,Masculino,Soltero,6,2
ETIOS,NEGRO MICA,2022,Crédito Vehicular MAF,US $,12800,10240,4,NAT,Masculino,Soltero,8,3
AVANZA,PLATA METALICO,2021,Venta Directa,US $,18570,14856,4,NAT,Masculino,Soltero,4,5
AVANZA,GRIS OSCURO METALICO,2021,Venta Directa,US $,18570,14856,4,NAT,Masculino,Soltero,5,3
HILUX,BLANCO,2021,Crédito Vehicular MAF,US $,41700,33360,4,NAT,Masculino,Soltero,6,0
HILUX,PLATA METALICO,2021,Crédito Vehicular MAF,US $,41300,33040,4,NAT,Femenino,Soltero,10,1
HILUX,BLANCO,2021,Venta Directa,US $,42500,34000,4,NAT,Masculino,Soltero,12,3
RAV4,PLATA METALICO,2020,Venta Directa,US $,27900,22320,4,NAT,Masculino,Casado,10,3
HILUX,PLATA METALICO,2022,Venta Directa,US $,43850,35080,4,JUR,Masculino,Soltero,7,5
AVANZA,GRIS OSCURO METALICO,2021,Venta Directa,S/.,71800,57440,4,NAT,Masculino,Soltero,6,6
HILUX,PLATA METALICO,2021,Venta Directa,US $,42500,34000,4,NAT,Masculino,Soltero,12,4
ETIOS,GRIS OSCURO METALICO,2022,Crédito Vehicular MAF,US $,13300,10640,4,NAT,Masculino,Casado,6,2
YARIS CROSS,BLANCO,2024,Crédito Vehicular MAF,US $,22990,18392,4,NAT,Masculino,Soltero,7,4
HILUX,GRIS OSCURO METALICO,2021,Venta Directa,US $,39100,31280,4,JUR,Femenino,Soltero,2,3
AVANZA,DORADO METALICO,2021,Venta Directa,S/.,82010,65608,4,NAT,Masculino,Soltero,5,1
COROLLA,GRIS CELESTIAL METALICO,2021,Venta Directa,US $,20610,16488,4,NAT,Femenino,Soltero,6,0
HILUX,GRIS OSCURO METALICO,2021,Venta Directa,US $,43000,34400,4,NAT,Femenino,Soltero,10,4
HILUX,ROJO METALICO,2021,Venta Directa,US $,43000,34400,4,JUR,Masculino,Soltero,12,2
AVANZA,BLANCO,2022,Venta Directa,S/.,74780,59824,4,NAT,Masculino,Casado,11,3
AVANZA,BLANCO,2022,Venta Directa,US $,18790,15032,4,NAT,Masculino,Casado,7,5
RUSH,PLATA METALICO,2021,Venta Directa,US $,21690,17352,4,NAT,Masculino,Soltero,6,3
ETIOS,BLANCO,2020,Venta Directa,US $,10990,8792,4,NAT,Masculino,Casado,12,0
AVANZA,PLATA METALICO,2020,Venta Directa,US $,17000,13600,4,JUR,Masculino,Casado,6,1
AVANZA,BLANCO,2020,Venta Directa,US $,17390,13912,4,NAT,Masculino,Soltero,0,0
AVANZA,PLATA METALICO,2023,Venta Directa,US $,18120,14496,4,NAT,Masculino,Casado,4,3
RUSH,BLANCO,2023,Venta Directa,US $,22390,17912,4,NAT,Masculino,Casado,5,5
AVANZA,BLANCO,2022,Venta Directa,US $,18790,15032,4,NAT,Masculino,Soltero,6,0
HILUX,BLANCO,2022,Venta Directa,US $,39870,31896,4,JUR,Masculino,Soltero,10,4
AVANZA,ROJO MICA METALICO,2022,Crédito Vehicular MAF,US $,18590,14872,4,NAT,Masculino,Soltero,12,2
AVANZA,PLATA METALICO,2020,Venta Directa,US $,17500,14000,4,NAT,Masculino,Soltero,0,1
HILUX,GRIS OSCURO METALICO,2023,Crédito Vehicular MAF,US $,41360,33088,4,JUR,Masculino,Casado,2,3
HILUX,PLATA METALICO,2022,Venta Directa,US $,43850,35080,4,NAT,Masculino,Casado,3,
AVANZA,PLATA METALICO,2022,Venta Directa,US $,18790,15032,4,NAT,Masculino,Soltero,6,0
FORTUNER,NEGRO MICA,2022,Venta Directa,US $,53490,42792,4,NAT,Femenino,Soltero,10,4
AVANZA,PLATA METALICO,2021,Venta Directa,US $,18670,14936,4,NAT,Masculino,Soltero,12,2
AVANZA,PLATA METALICO,2022,Venta Directa,US $,19390,15512,4,JUR,Masculino,Soltero,11,3
AVANZA,BLANCO,2022,Venta Directa,US $,18790,15032,4,NAT,Masculino,,7,5
AVANZA,BLANCO,2022,Crédito Vehicular MAF,US $,18090,14472,4,NAT,Masculino,Soltero,6,3
HILUX,GRIS OSCURO METALICO,2022,Venta Directa,S/.,152300,121840,4,JUR,Masculino,Soltero,12,0
HILUX,GRIS OSCURO METALICO,2022,Venta Directa,US $,39770,31816,4,NAT,Masculino,Soltero,6,1
ETIOS,NEGRO MICA,2022,Venta Directa,US $,14750,11800,4,NAT,Femenino,Casado,0,0
ETIOS,PLATA METALICO,2022,Crédito Vehicular MAF,US $,12800,10240,4,NAT,Masculino,Soltero,4,3
AVANZA,PLATA METALICO,2021,Crédito Vehicular MAF,US $,18700,14960,4,NAT,Femenino,Soltero,5,5
AVANZA,BLANCO,2020,Venta Directa,US $,18700,14960,4,NAT,Masculino,Casado,6,6
RUSH,BLANCO,2025,Venta Directa,US $,22790,18232,4,JUR,Masculino,Soltero,10,4
AVANZA,GRIS OSCURO METALICO,2025,Crédito Vehicular MAF,US $,20610,16488,4,NAT,Masculino,Soltero,12,2
HILUX,BLANCO,2024,Crédito Vehicular MAF,US $,40860,32688,4,JUR,Femenino,Soltero,10,4
AVANZA,GRIS OSCURO METALICO,2021,Venta Directa,US $,19870,15896,4,NAT,Masculino,Casado,7,3
FORTUNER,BLANCO,2021,Venta Directa,US $,39950,31960,4,NAT,Masculino,Soltero,6,1
RUSH,PLATA METALICO,2020,Venta Directa,US $,21890,17512,4,NAT,Masculino,Casado,12,0
HIACE,BLANCO,2022,Venta Directa,US $,46750,37400,4,JUR,Masculino,Soltero,6,4
HILUX,BLANCO,2022,Crédito Vehicular MAF,US $,39800,31840,4,JUR,Masculino,Soltero,0,0
RUSH,ROJO OSCURO MICA,2022,Venta Directa,US $,22990,18392,4,NAT,Masculino,,2,3
HILUX,BLANCO,2021,Venta Directa,US $,39100,31280,4,JUR,Masculino,Casado,5,5
RUSH,ROJO MICA METALICO,2020,Venta Directa,S/.,72600,58080,4,NAT,Masculino,Casado,6,3
AVANZA,ROJO MICA METALICO,2022,Venta Directa,US $,18790,15032,4,NAT,Masculino,Casado,3,0
ETIOS,PLATA METALICO,2023,Venta Directa,US $,15300,12240,4,NAT,Masculino,Soltero,12,1
AVANZA,PLATA METALICO,2022,Crédito Vehicular,US $,18790,15032,4,NAT,Masculino,Soltero,11,3
HILUX,BLANCO,2021,Venta Directa,US $,42500,34000,4,JUR,Masculino,Casado,7,3
HILUX,BLANCO,2021,Crédito Vehicular MAF,US $,39660,31728,4,NAT,Masculino,Soltero,8,5
AGYA,PLATA METALICO,2021,Crédito Vehicular MAF,US $,10990,8792,4,NAT,Femenino,Soltero,12,0
AVANZA,GRIS OSCURO METALICO,2021,Venta Directa,S/.,74400,59520,4,NAT,Masculino,Casado,6,4
HILUX,BLANCO,2021,Venta Directa,US $,42500,34000,4,JUR,Femenino,Soltero,0,1
COROLLA CROSS,PLATA PERLADO,2021,Crédito Vehicular MAF,US $,27740,22192,4,NAT,Masculino,Soltero,4,4
AVANZA,PLATA METALICO,2022,Venta Directa,US $,18740,14992,4,NAT,Masculino,,5,3
RUSH,BLANCO,2019,Venta Directa,S/.,72000,57600,4,NAT,Masculino,Casado,10,1
RAV4,GRIS OSCURO METALICO,2021,Venta Directa,US $,29700,23760,4,NAT,Masculino,Soltero,7,0
AVANZA,PLATA METALICO,2021,Venta Directa,US $,18800,15040,4,NAT,Masculino,Soltero,6,4
HIACE,BLANCO,2025,Venta Directa,US $,47790,38232,4,JUR,Femenino,Soltero,12,2
HILUX,GRIS OSCURO METALICO,2024,Crédito Vehicular MAF,US $,44560,35648,4,NAT,Masculino,Soltero,6,3
HIACE,PLATA METALICO,2023,Venta Directa,US $,46750,37400,4,NAT,Femenino,Soltero,0,0
AVANZA,PLATA METALICO,2021,Crédito Vehicular MAF,US $,21450,17160,4,JUR,Masculino,Soltero,15,3
AGYA,ROJO,2021,Venta Directa,S/.,45260,36208,4,NAT,Masculino,Casado,5,0
RAIZE,GRIS OSCURO METALICO,2023,Venta Directa,US $,16890,13512,4,JUR,Masculino,Soltero,6,1
AVANZA,ROJO MICA METALICO,2022,Venta Directa,US $,18790,15032,4,JUR,Masculino,Soltero,10,
RUSH,BEIGE OSCURO MICA,2022,Venta Directa,US $,23240,18592,4,NAT,Masculino,Casado,6,3
HILUX,PLATA METALICO,2024,Venta Directa,US $,40860,32688,4,JUR,Masculino,Soltero,11,5
RUSH,BLANCO,2021,Crédito Vehicular MAF,US $,21690,17352,4,NAT,Masculino,Casado,13,6
RUSH,ROJO MICA METALICO,2021,Venta Directa,US $,21890,17512,4,NAT,Masculino,Soltero,6,4
HILUX,GRIS OSCURO METALICO,2021,Crédito Vehicular MAF,US $,46000,36800,4,JUR,Masculino,Casado,12,2
HILUX,PLATA METALICO,2024,Crédito Vehicular MAF,US $,41360,33088,4,NAT,Masculino,Soltero,6,4
HILUX,BLANCO,2024,Crédito Vehicular MAF,US $,41360,33088,4,NAT,Masculino,Soltero,0,0
HILUX,ROJO METALICO,2022,Venta Directa,US $,30160,24128,4,JUR,Masculino,Casado,4,1
AVANZA,GRIS OSCURO METALICO,2021,Venta Directa,US $,20870,16696,4,NAT,Masculino,Casado,5,0
HILUX,PLATA METALICO,2020,Venta Directa,US $,36400,29120,4,JUR,Femenino,Soltero,6,4
HILUX,NEGRO MICA,2020,Venta Directa,US $,41200,32960,4,JUR,Masculino,Soltero,10,2
HILUX,ROJO METALICO,2022,Licitación,S/.,216000,172800,4,JUR,Masculino,,12,3
COROLLA,ROJO MICA METALICO,2020,Venta Directa,US $,18750,15000,4,NAT,Femenino,Soltero,10,5
ETIOS,ROJO MICA METALICO,2021,Crédito Vehicular MAF,US $,11450,9160,4,NAT,Masculino,Soltero,7,3
AVANZA,BLANCO,2020,Venta Directa,US $,17000,13600,4,NAT,Masculino,Casado,6,0
RUSH,PLATA METALICO,2020,Venta Directa,US $,20000,16000,4,NAT,,Casado,12,1
AVANZA,ROJO MICA METALICO,2022,Venta Directa,US $,18790,15032,4,NAT,Masculino,Casado,6,3
HILUX,NEGRO MICA,2022,Venta Directa,US $,43850,35080,4,JUR,Masculino,Casado,0,1
HILUX,BLANCO,2021,Venta Directa,US $,38700,30960,4,JUR,Femenino,Soltero,2,5
ETIOS,ROJO MICA METALICO,2021,Crédito Vehicular MAF,US $,11450,9160,4,NAT,Masculino,Casado,5,0
HILUX,BLANCO,2021,Venta Directa,US $,42750,34200,4,JUR,Masculino,,6,4
HILUX,BLANCO,2021,Venta Directa,US $,42750,34200,4,JUR,Masculino,,10,2
HIACE,BLANCO,2021,Venta Directa,US $,43450,34760,4,JUR,Masculino,,12,4
RUSH,PLATA METALICO,2021,Venta Directa,US $,20500,16400,4,NAT,Femenino,Soltero,11,3
HILUX,ROJO METALICO,2021,Venta Directa,US $,42500,34000,4,NAT,Femenino,Soltero,7,1
AVANZA,PLATA METALICO,2021,Venta Directa,US $,18670,14936,4,NAT,Masculino,Casado,6,0
HILUX,GRIS OSCURO METALICO,2021,Venta Directa,US $,38700,30960,4,JUR,Femenino,Casado,11,4
AVANZA,NEGRO METALICO,2019,Venta Directa,US $,17990,14392,4,NAT,Masculino,Casado,6,2
RUSH,PLATA METALICO,2022,Venta Directa,US $,23240,18592,4,NAT,Masculino,Soltero,0,0
HILUX,GRIS OSCURO METALICO,2022,Venta Directa,US $,39620,31696,4,JUR,Femenino,Casado,4,5
HILUX,ROJO METALICO,2021,Venta Directa,US $,28090,22472,4,NAT,Masculino,,5,3
ETIOS,BLANCO,2024,Venta Directa,US $,13960,11168,4,NAT,Masculino,Casado,6,0
COROLLA,PLATA METALICO,2019,Venta Directa,US $,20800,16640,4,JUR,Masculino,Soltero,10,1
ETIOS,ROJO SOLIDO,2019,Crédito Vehicular MAF,US $,13900,11120,4,JUR,Masculino,Soltero,12,3
HILUX,PLATA METALICO,2021,Venta Directa,US $,43000,34400,4,JUR,Masculino,Soltero,0,0
HILUX,GRIS OSCURO METALICO,2022,Licitación,S/.,193000,154400,4,JUR,Masculino,Soltero,2,5
RUSH,PLATA METALICO,2021,Venta Directa,S/.,88060,70448,4,NAT,Femenino,Soltero,5,6
RAV4,ROJO MICA,2021,Venta Directa,US $,29490,23592,4,NAT,Masculino,Soltero,6,4
HILUX,PLATA METALICO,2022,Venta Directa,US $,28950,23160,4,NAT,Femenino,Casado,10,2
HILUX,BLANCO,2022,Venta Directa,US $,28950,23160,4,NAT,Masculino,Casado,12,4
AVANZA,PLATA VIOLACEO,2022,Venta Directa,US $,18790,15032,4,NAT,Femenino,Soltero,11,3
AVANZA,ROJO MICA METALICO,2022,Venta Directa,US $,18790,15032,4,NAT,Femenino,Soltero,7,1
ETIOS,PLATA METALICO,2019,Crédito Vehicular MAF,US $,10600,8480,4,NAT,Masculino,Soltero,6,0
RUSH,ROJO MICA METALICO,2021,Venta Directa,US $,21690,17352,4,NAT,Masculino,Soltero,12,4
RUSH,NEGRO METALICO,2021,Crédito Vehicular MAF,US $,20690,16552,4,NAT,Femenino,Soltero,6,2
RAV4,ROJO MICA,2022,Venta Directa,US $,31090,24872,4,NAT,Femenino,Soltero,0,0
RAV4,ROJO MICA,2020,Venta Directa,US $,28790,23032,4,NAT,Masculino,Casado,4,5
HILUX,GRIS OSCURO METALICO,2020,Venta Directa,US $,41500,33200,4,NAT,Femenino,Soltero,5,3
RUSH,BLANCO,2020,Venta Directa,S/.,75500,60400,4,NAT,Masculino,Soltero,6,0
HILUX,GRIS OSCURO METALICO,2023,Venta Directa,S/.,15070,12056,4,JUR,Masculino,Soltero,10,1
HILUX,NEGRO MICA,2022,Venta Directa,US $,39870,31896,4,JUR,Masculino,Casado,12,3
SPORTAGE,PLATA,2015,Venta Directa,US $,17890,14312,4,NAT,Femenino,Soltero,15,3
ETIOS,ROJO MICA METALICO,2021,Venta Directa,US $,9600,7680,4,NAT,Masculino,Soltero,7,5
AVANZA,GRIS OSCURO METALICO,2020,Crédito Vehicular MAF,US $,17270,13816,4,NAT,Masculino,Soltero,6,0
YARIS,BLANCO,2022,Crédito Vehicular,US $,16900,13520,4,NAT,Masculino,Casado,12,4
HILUX,GRIS OSCURO METALICO,2019,Venta Directa,US $,35600,28480,4,JUR,Masculino,Soltero,6,2
HILUX,BLANCO,2022,Venta Directa,US $,45440,36352,4,NAT,Femenino,Soltero,0,1
HILUX,PLATA METALICO,2024,Venta Directa,US $,40660,32528,4,JUR,Femenino,Casado,2,3
AVANZA,ROJO MICA METALICO,2022,Venta Directa,US $,18790,15032,4,NAT,Masculino,Soltero,5,1
RUSH,PLATA METALICO,2022,Venta Directa,US $,23240,18592,4,NAT,Femenino,Soltero,6,0
AVANZA,PLATA METALICO,2021,Venta Directa,US $,20770,16616,4,NAT,Femenino,Soltero,10,4
FORTUNER,PLATA METALICO,2024,Licitación,S/.,265900,212720,4,JUR,Masculino,,12,6
FORTUNER,GRIS OSCURO METALICO,2024,Licitación,S/.,265900,212720,4,JUR,Masculino,,11,3
FORTUNER,NEGRO MICA,2024,Licitación,S/.,265900,212720,4,JUR,Masculino,,7,5
AVANZA,BLANCO,2022,Venta Directa,S/.,73090,58472,4,NAT,Masculino,Soltero,6,3
ETIOS,ROJO SOLIDO,2020,Venta Directa,S/.,38900,31120,4,NAT,Masculino,Soltero,12,0
RAV4,ROJO MICA,2019,Venta Directa,S/.,106170,84936,4,NAT,Femenino,Casado,6,1
NEW ELANTRA,ROJO,2019,Venta Directa,US $,13500,10800,4,NAT,Masculino,Soltero,0,0
RUSH,NEGRO METALICO,2021,Crédito Vehicular MAF,US $,20690,16552,4,NAT,Masculino,Soltero,4,3
HILUX,BLANCO,2023,Venta Directa,US $,41060,32848,4,JUR,Masculino,Soltero,5,5
AVANZA,GRIS OSCURO METALICO,2022,Crédito Vehicular MAF,US $,20680,16544,4,NAT,Masculino,Casado,10,6
RUSH,PLATA METALICO,2022,Venta Directa,US $,22290,17832,4,JUR,Masculino,Soltero,7,4
RUSH,ROJO MICA METALICO,2022,Venta Directa,US $,23890,19112,4,NAT,Masculino,Casado,6,2
RUSH,NEGRO METALICO,2022,Venta Directa,US $,22290,17832,4,NAT,Masculino,Soltero,12,4
RUSH,BEIGE OSCURO MICA,2020,Venta Directa,US $,21090,16872,4,NAT,Masculino,Soltero,15,3
AVANZA,GRIS OSCURO METALICO,2022,Venta Directa,US $,18790,15032,4,NAT,Femenino,Soltero,0,1
RAIZE,TURQUESA,2022,Venta Directa,US $,16290,13032,4,NAT,Masculino,Casado,4,0
HILUX,PLATA METALICO,2023,Venta Directa,US $,47140,37712,4,JUR,Masculino,Soltero,5,4
RAIZE,PLATA METALICO,2022,Venta Directa,US $,15290,12232,4,NAT,Masculino,Casado,6,2
HILUX,ROJO METALICO,2022,Venta Directa,US $,28950,23160,4,NAT,Femenino,Casado,10,3
FORTUNER,PLATA METALICO,2022,Venta Directa,US $,53490,42792,4,NAT,Masculino,Soltero,10,5
AVANZA,PLATA METALICO,2022,Venta Directa,US $,18290,14632,4,NAT,Femenino,Casado,11,3
ETIOS,BLANCO,2021,Venta Directa,US $,14750,11800,4,NAT,Masculino,Soltero,7,0
HILUX,BLANCO,2022,Venta Directa,US $,39670,31736,4,NAT,Masculino,Soltero,6,1
HILUX,BLANCO,2022,Venta Directa,US $,39670,31736,4,NAT,Masculino,Soltero,12,3
YARIS,GRIS OSCURO METALICO,2022,Crédito Vehicular MAF,US $,13940,11152,4,NAT,Masculino,Soltero,15,3
AVANZA,GRIS OSCURO METALICO,2021,Venta Directa,US $,19870,15896,4,NAT,Masculino,Casado,0,0
AVANZA,NEGRO METALICO,2019,Venta Directa,US $,18690,14952,4,NAT,Femenino,Soltero,4,0
RUSH,ROJO MICA METALICO,2024,Venta Directa,US $,21640,17312,4,NAT,Masculino,,5,4
HILUX,GRIS OSCURO METALICO,2024,Venta Directa,US $,41360,33088,4,JUR,Masculino,Casado,6,2
HILUX,NEGRO MICA,2021,Venta Directa,S/.,155610,124488,4,JUR,Masculino,Soltero,10,4
AGYA,ANARANJADO METALICO,2021,Venta Directa,US $,11610,9288,4,JUR,Masculino,Soltero,12,3
RUSH,ROJO MICA METALICO,2020,Venta Directa,US $,21590,17272,4,NAT,Masculino,Soltero,10,1
YARIS CROSS,PLATA METALICO,2024,Venta Directa,US $,23190,18552,4,NAT,Masculino,Soltero,2,0
HILUX,BLANCO,2022,Licitación,S/.,196000,156800,4,JUR,Masculino,Soltero,6,4
YARIS,GRIS OSCURO METALICO,2021,Venta Directa,US $,16400,13120,4,NAT,Femenino,Soltero,12,2
AVANZA,ROJO MICA METALICO,2022,Venta Directa,S/.,73940,59152,4,NAT,Masculino,Soltero,6,3
HIACE,BLANCO,2022,Venta Directa,US $,45000,36000,4,NAT,Femenino,Soltero,0,0
AVANZA,NEGRO METALICO,2022,Crédito Vehicular,S/.,70940,56752,4,NAT,Masculino,Casado,2,2
YARIS,ROJO MICA METALICO,2014,Venta Directa,US $,7000,5600,4,NAT,Masculino,Casado,5,1
AVANZA,BLANCO,2020,Venta Directa,US $,17690,14152,4,NAT,Masculino,Soltero,6,1
RUSH,ROJO MICA METALICO,2021,Venta Directa,US $,21690,17352,4,NAT,Masculino,Casado,10,3
HILUX,BLANCO,2021,Venta Directa,US $,38700,30960,4,JUR,Masculino,Soltero,12,3
HILUX,BLANCO,2022,Venta Directa,US $,43850,35080,4,NAT,Masculino,Soltero,11,5
RUSH,PLATA METALICO,2022,Venta Directa,US $,22290,17832,4,NAT,Masculino,Soltero,7,6
RUSH,ROJO OSCURO MICA,2020,Venta Directa,US $,21000,16800,4,NAT,Masculino,Casado,6,4
AVANZA,PLATA METALICO,2022,Venta Directa,US $,18790,15032,4,NAT,Masculino,Soltero,12,2
AVANZA,GRIS OSCURO METALICO,2022,Venta Directa,US $,18790,15032,4,NAT,Masculino,Soltero,0,0
HILUX,ROJO METALICO,2021,Venta Directa,US $,38700,30960,4,JUR,Masculino,,0,1
RUSH,PLATA METALICO,2019,Venta Directa,S/.,72230,57784,4,NAT,Masculino,Casado,4,1
AVANZA,ROJO MICA METALICO,2022,Venta Directa,US $,17790,14232,4,NAT,Masculino,Soltero,5,0
RUSH,NEGRO METALICO,2022,Venta Directa,US $,22090,17672,4,NAT,Femenino,Casado,6,4
RUSH,NEGRO METALICO,2022,Venta Directa,US $,23890,19112,4,NAT,Masculino,Casado,10,2
RUSH,NEGRO METALICO,2022,Venta Directa,US $,22290,17832,4,NAT,Masculino,Casado,12,3
RUSH,NEGRO METALICO,2022,Venta Directa,US $,22290,17832,4,NAT,Masculino,Soltero,0,0
RUSH,ROJO MICA METALICO,2024,Crédito Vehicular MAF,US $,23620,18896,4,NAT,Femenino,Soltero,2,3
RAV4,BLANCO,2025,Venta Directa,US $,36420,29136,4,NAT,Masculino,Casado,5,0
AVANZA,ROJO MICA METALICO,2025,Crédito Vehicular MAF,US $,18970,15176,4,NAT,Femenino,Casado,6,1
RUSH,ROJO MICA METALICO,2024,Venta Directa,S/.,84590,67672,4,NAT,Masculino,Casado,10,3
RUSH,BLANCO,2022,Venta Directa,US $,22290,17832,4,NAT,Masculino,Soltero,12,3
RUSH,PLATA METALICO,2022,Venta Directa,US $,22290,17832,4,JUR,Masculino,Casado,4,5
RUSH,ROJO MICA METALICO,2021,Venta Directa,US $,22290,17832,4,NAT,Masculino,Soltero,7,0
RUSH,BLANCO,2020,Venta Directa,US $,21740,17392,4,NAT,Masculino,Casado,6,4
HILUX,GRIS OSCURO METALICO,2022,Venta Directa,US $,39640,31712,4,NAT,Femenino,Soltero,12,2
HILUX,BLANCO,2021,Crédito Vehicular,US $,38800,31040,4,NAT,Masculino,Soltero,6,4
ETIOS,PLATA METALICO,2021,Crédito Vehicular MAF,US $,12600,10080,4,NAT,Masculino,Soltero,0,0
HILUX,PLATA METALICO,2020,Venta Directa,US $,40700,32560,4,NAT,Masculino,Soltero,4,1
HILUX,PLATA METALICO,2020,Venta Directa,US $,40800,32640,4,JUR,Femenino,Soltero,5,0
AVANZA,GRIS OSCURO METALICO,2020,Venta Directa,US $,12910,10328,4,NAT,Masculino,Viudo,6,4
HILUX,GRIS OSCURO METALICO,2021,Venta Directa,US $,43000,34400,4,NAT,Masculino,Soltero,10,2
RUSH,PLATA METALICO,2021,Venta Directa,US $,23490,18792,4,NAT,Femenino,Soltero,12,3
ETIOS,BLANCO,2022,Crédito Vehicular MAF,US $,13090,10472,4,NAT,Masculino,Soltero,10,5
AVANZA,PLATA METALICO,2020,Venta Directa,US $,17000,13600,4,NAT,Masculino,Soltero,7,3
AVANZA,GRIS OSCURO METALICO,2022,Venta Directa,US $,19070,15256,4,NAT,Masculino,Soltero,6,0
ETIOS,PLATA METALICO,2020,Venta Directa,S/.,44750,35800,4,NAT,Femenino,Soltero,12,1
AVANZA,PLATA METALICO,2022,Venta Directa,US $,18790,15032,4,NAT,Masculino,Soltero,6,3
HILUX,BLANCO,2022,Venta Directa,US $,39870,31896,4,JUR,Masculino,Soltero,0,1
AVANZA,PLATA METALICO,2022,Venta Directa,US $,18790,15032,4,NAT,Femenino,Soltero,2,5
HILUX,BLANCO,2021,Venta Directa,US $,42250,33800,4,NAT,Masculino,Casado,5,
HILUX,GRIS OSCURO METALICO,2021,Venta Directa,US $,28090,22472,4,NAT,Masculino,Casado,6,4
HILUX,GRIS OSCURO METALICO,2021,Venta Directa,US $,42500,34000,4,JUR,Femenino,Casado,10,2
HILUX,BLANCO,2021,Venta Directa,US $,38450,30760,4,JUR,Masculino,Soltero,12,4
HILUX,BLANCO,2021,Venta Directa,US $,38450,30760,4,JUR,Masculino,Soltero,11,3
RUSH,NEGRO METALICO,2022,Venta Directa,US $,23240,18592,4,NAT,Masculino,Casado,7,1
AVANZA,PLATA METALICO,2022,Venta Directa,US $,18790,15032,4,NAT,Masculino,Soltero,8,0
HIACE,BLANCO,2020,Venta Directa,US $,39790,31832,4,NAT,Masculino,Casado,12,4
RAIZE,ROJO,2022,Venta Directa,US $,16290,13032,4,NAT,Masculino,Casado,6,2
RUSH,ROJO MICA METALICO,2022,Venta Directa,S/.,85060,68048,4,NAT,Femenino,Casado,0,0
COROLLA,BLANCO PERLA,2020,Venta Directa,US $,20500,16400,4,NAT,Masculino,Soltero,4,5
AVANZA,GRIS OSCURO METALICO,2020,Venta Directa,US $,17000,13600,4,NAT,Femenino,Soltero,5,3
HILUX,BLANCO,2020,Venta Directa,US $,27450,21960,4,JUR,Masculino,Casado,10,0
RUSH,BLANCO,2020,Venta Directa,S/.,73910,59128,4,NAT,Masculino,Casado,7,1
RUSH,BLANCO,2021,Venta Directa,US $,23290,18632,4,NAT,Masculino,Casado,6,3
HILUX,BLANCO,2021,Crédito Vehicular MAF,US $,39660,31728,4,NAT,Masculino,Soltero,12,3
AVANZA,PLATA METALICO,2019,Venta Directa,US $,18800,15040,4,NAT,Masculino,Casado,6,5
HILUX,GRIS OSCURO METALICO,2019,Venta Directa,S/.,129590,103672,4,JUR,Masculino,Soltero,0,0
HILUX,GRIS OSCURO METALICO,2023,Venta Directa,US $,47290,37832,4,NAT,Masculino,Soltero,15,4
HILUX,BLANCO,2021,Venta Directa,US $,42450,33960,4,JUR,Masculino,Soltero,5,2
RUSH,ROJO OSCURO MICA,2019,Venta Directa,US $,20890,16712,4,NAT,Masculino,Casado,6,4
HILUX,BLANCO,2022,Venta Directa,US $,43850,35080,4,JUR,Masculino,Soltero,10,3
HILUX,BLANCO,2022,Venta Directa,US $,43850,35080,4,NAT,Femenino,Soltero,12,1
RUSH,ROJO MICA METALICO,2021,Venta Directa,US $,21790,17432,4,NAT,Masculino,Casado,11,0
HILUX,GRIS OSCURO METALICO,2021,Venta Directa,US $,43000,34400,4,JUR,Femenino,Soltero,13,4
HILUX,BLANCO,2022,Venta Directa,US $,39870,31896,4,NAT,Masculino,Soltero,6,2
HILUX,GRIS OSCURO METALICO,2024,Venta Directa,S/.,160470,128376,4,NAT,Masculino,Soltero,12,3
HILUX,PLATA METALICO,2022,Venta Directa,US $,39640,31712,4,JUR,Femenino,Soltero,6,5
HILUX,GRIS OSCURO METALICO,2022,Venta Directa,US $,39640,31712,4,JUR,Femenino,Soltero,0,0
RUSH,ROJO MICA METALICO,2021,Venta Directa,US $,23490,18792,4,NAT,Masculino,Casado,4,0
ETIOS,NEGRO MICA,2020,Venta Directa,S/.,48500,38800,4,NAT,Masculino,Soltero,5,1
RUSH,PLATA METALICO,2021,Venta Directa,US $,21690,17352,4,NAT,Masculino,Soltero,6,3
HILUX,BLANCO,2021,Crédito Vehicular MAF,US $,39100,31280,4,JUR,Femenino,Soltero,10,3
AVANZA,PLATA METALICO,2019,Venta Directa,US $,16990,13592,4,NAT,Masculino,Casado,12,5
AVANZA,GRIS OSCURO METALICO,2021,Venta Directa,US $,18700,14960,4,JUR,Masculino,Soltero,10,6
RUSH,PLATA METALICO,2022,Venta Directa,US $,22290,17832,4,NAT,Masculino,Soltero,7,4
AVANZA,PLATA METALICO,2022,Venta Directa,US $,18790,15032,4,NAT,Masculino,Soltero,6,2
HILUX,BLANCO,2021,Crédito Vehicular MAF,US $,45500,36400,4,JUR,Masculino,Soltero,12,4
AGYA,ANARANJADO METALICO,2020,Venta Directa,US $,11350,9080,4,JUR,Masculino,Soltero,6,3
HILUX,BLANCO,2021,Venta Directa,US $,38700,30960,4,JUR,Femenino,Soltero,0,1
ETIOS,ROJO MICA METALICO,2023,Venta Directa,US $,15220,12176,4,NAT,Masculino,Soltero,2,0
RUSH,ROJO MICA METALICO,2021,Venta Directa,US $,21690,17352,4,NAT,Masculino,Casado,5,4
HILUX,BLANCO,2022,Venta Directa,US $,39400,31520,4,NAT,Masculino,Soltero,6,2
HILUX,BLANCO,2022,Venta Directa,US $,43850,35080,4,NAT,Masculino,Soltero,10,3
HILUX,NEGRO MICA,2022,Venta Directa,US $,43850,35080,4,JUR,Masculino,Soltero,12,5
RUSH,BEIGE OSCURO MICA,2019,Venta Directa,US $,21390,17112,4,NAT,Masculino,Casado,11,3
HILUX,BLANCO,2022,Venta Directa,US $,42550,34040,4,JUR,Masculino,Soltero,7,0
HILUX,BLANCO,2021,Venta Directa,US $,38600,30880,4,JUR,Femenino,Soltero,6,1
RAV4,PLATA METALICO,2020,Venta Directa,US $,26000,20800,4,NAT,Masculino,Casado,12,3
RAIZE,NEGRO,2021,Venta Directa,US $,15090,12072,4,NAT,Masculino,Soltero,6,3
FORTUNER,BLANCO,2022,Venta Directa,US $,53490,42792,4,JUR,Masculino,Soltero,0,0
RUSH,BLANCO,2021,Venta Directa,S/.,97240,77792,4,NAT,Masculino,Soltero,4,0
HILUX,BLANCO,2022,Venta Directa,US $,25000,20000,4,JUR,Masculino,Soltero,5,4
RUSH,BLANCO,2020,Venta Directa,US $,21050,16840,4,NAT,Masculino,Casado,6,2
RUSH,NEGRO METALICO,2021,Venta Directa,US $,21690,17352,4,JUR,Masculino,Divorciado,10,4
HILUX,BLANCO,2021,Venta Directa,US $,38700,30960,4,JUR,Masculino,Soltero,12,3
HILUX,BLANCO,2021,Venta Directa,US $,38700,30960,4,JUR,Masculino,Casado,0,1
ETIOS,GRIS OSCURO METALICO,2021,Crédito Vehicular MAF,US $,10990,8792,4,NAT,Masculino,Soltero,2,0
HILUX,BLANCO,2021,Venta Directa,US $,42500,34000,4,JUR,Masculino,Soltero,5,4
HILUX,BLANCO,2021,Venta Directa,US $,42500,34000,4,JUR,Masculino,Soltero,6,2
HILUX,NEGRO MICA,2021,Venta Directa,US $,38700,30960,4,NAT,Femenino,Soltero,10,3
AVANZA,GRIS OSCURO METALICO,2020,Venta Directa,US $,19200,15360,4,NAT,Masculino,Casado,12,5
AVANZA,ROJO MICA METALICO,2022,Venta Directa,US $,18790,15032,4,NAT,Masculino,Casado,11,3
RUSH,ROJO MICA METALICO,2022,Venta Directa,US $,22290,17832,4,NAT,Masculino,Casado,7,0
HILUX,PLATA METALICO,2020,Venta Directa,US $,41200,32960,4,NAT,Masculino,Soltero,6,1
YARIS,PLATA METALICO,2020,Venta Directa,US $,15790,12632,4,NAT,Masculino,Soltero,12,3
HILUX,PLATA METALICO,2020,Venta Directa,US $,41200,32960,4,NAT,Masculino,Soltero,6,3
HILUX,ROJO METALICO,2024,Licitación,S/.,199000,159200,4,JUR,Femenino,,0,0
HILUX,BLANCO,2021,Venta Directa,US $,39100,31280,4,JUR,Masculino,Soltero,4,6
RUSH,BLANCO,2021,Venta Directa,US $,21690,17352,4,NAT,Masculino,Soltero,5,4
HILUX,ROJO METALICO,2020,Venta Directa,US $,36400,29120,4,JUR,Masculino,Soltero,6,2
HILUX,BLANCO,2020,Venta Directa,US $,41000,32800,4,JUR,Masculino,Soltero,10,4
AVANZA,AZUL OSCURO METALICO,2020,Venta Directa,S/.,62840,50272,4,JUR,Masculino,Soltero,12,3
ETIOS,GRIS OSCURO METALICO,2021,Venta Directa,US $,12690,10152,4,NAT,Masculino,Soltero,14,1
ETIOS,BLANCO,2021,Crédito Vehicular MAF,US $,10300,8240,4,NAT,Femenino,Soltero,7,0
ETIOS,GRIS OSCURO METALICO,2021,Crédito Vehicular MAF,US $,10990,8792,4,NAT,Masculino,Soltero,6,4
RUSH,PLATA METALICO,2021,Venta Directa,US $,23290,18632,4,NAT,Masculino,Casado,12,2
AVANZA,PLATA METALICO,2021,Venta Directa,US $,18670,14936,4,NAT,Femenino,Soltero,6,3
RUSH,BLANCO,2020,Venta Directa,US $,21000,16800,4,NAT,Masculino,Soltero,0,0
YARIS,BLANCO,2022,Crédito Vehicular MAF,US $,15200,12160,4,NAT,Masculino,Soltero,2,3
RUSH,ROJO MICA METALICO,2021,Crédito Vehicular MAF,US $,22490,17992,4,NAT,Masculino,Casado,5,0
RUSH,BLANCO,2021,Crédito Vehicular MAF,US $,21890,17512,4,NAT,Masculino,Soltero,6,1
RUSH,PLATA METALICO,2020,Venta Directa,US $,21790,17432,4,NAT,Masculino,Casado,10,3
ETIOS,PLATA METALICO,2019,Venta Directa,US $,11990,9592,4,NAT,Masculino,Casado,12,3
RUSH,BLANCO,2022,Venta Directa,S/.,95600,76480,4,NAT,Masculino,Soltero,11,5
AVANZA,GRIS OSCURO METALICO,2022,Venta Directa,US $,18590,14872,4,JUR,Masculino,Soltero,7,0
AVANZA,PLATA METALICO,2022,Venta Directa,S/.,72750,58200,4,NAT,Masculino,Viudo,6,4
RAV4,ROJO MICA,2019,Venta Directa,US $,26780,21424,4,JUR,Masculino,Soltero,12,2
HILUX,BLANCO,2021,Venta Directa,US $,39100,31280,4,JUR,Femenino,Casado,6,4
HILUX,PLATA METALICO,2021,Crédito Vehicular MAF,US $,39100,31280,4,JUR,Masculino,Soltero,0,0
YARIS,PLATA METALICO,2020,Venta Directa,S/.,57680,46144,4,NAT,Masculino,Casado,4,1
HILUX,GRIS OSCURO METALICO,2022,Licitación,S/.,188900,151120,4,JUR,Femenino,,10,0
AVANZA,GRIS OSCURO METALICO,2020,Venta Directa,S/.,61480,49184,4,NAT,Masculino,Soltero,7,4
ETIOS,PLATA METALICO,2023,Venta Directa,US $,15060,12048,4,NAT,Femenino,Soltero,6,2
AVANZA,PLATA METALICO,2022,Venta Directa,US $,18790,15032,4,NAT,Masculino,Soltero,12,5
DUTRO,BLANCO,2019,Venta Directa,US $,27500,22000,4,JUR,Femenino,Soltero,6,3
HILUX,PLATA METALICO,2020,Venta Directa,US $,41200,32960,4,JUR,Masculino,Casado,0,0
HILUX,BLANCO,2021,Venta Directa,US $,38600,30880,4,JUR,Femenino,Soltero,2,1
HILUX,BLANCO,2018,Venta Directa,US $,32000,25600,4,NAT,Masculino,Casado,8,2
RUSH,PLATA METALICO,2022,Venta Directa,US $,22740,18192,4,NAT,Masculino,,6,3
HIACE,PLATA METALICO,2019,Venta Directa,US $,40340,32272,4,JUR,Masculino,Soltero,10,6
HILUX,BLANCO,2022,Venta Directa,S/.,151610,121288,4,JUR,Masculino,Casado,12,6
HILUX,BLANCO,2022,Venta Directa,US $,39340,31472,4,JUR,Masculino,Soltero,11,7
HILUX,BLANCO,2020,Venta Directa,US $,27600,22080,4,JUR,Masculino,Soltero,7,2
AVANZA,PLATA METALICO,2025,Crédito Vehicular MAF,US $,20210,16168,4,NAT,Masculino,Soltero,6,1
RUSH,ROJO MICA METALICO,2023,Venta Directa,US $,24440,19552,4,NAT,Femenino,Soltero,12,7
RAV4,ROJO MICA,2021,Venta Directa,US $,24000,19200,4,NAT,Masculino,Casado,6,1